-- Seed Data for Beauty & Personal Care E-commerce Platform
-- Complete seed with Aveeno and CeraVe products
-- Clear existing data in correct order (child tables first, then parent tables)
DELETE FROM "order_items";
DELETE FROM "product_reviews";
DELETE FROM "inventory_reservations";
DELETE FROM "cart_items";
DELETE FROM "wishlist_items";
DELETE FROM "inventory_movements";
DELETE FROM "inventory_adjustments";
DELETE FROM "inventory_alerts";
DELETE FROM "product_variants";
DELETE FROM "purchase_order_items";
DELETE FROM "purchase_orders";
DELETE FROM "orders";
DELETE FROM "products";
DELETE FROM "categories";
DELETE FROM "brands";
DELETE FROM "suppliers";
DELETE FROM "addresses";
DELETE FROM "admin_logs";
DELETE FROM "posts";
DELETE FROM "banners";
DELETE FROM "reels";
DELETE FROM "stories";
DELETE FROM "promotions";
DELETE FROM "page_seo";
DELETE FROM "homepage_settings";
DELETE FROM "email_services";
DELETE FROM "payment_gateways";
DELETE FROM "shipping_carriers";
DELETE FROM "media";
DELETE FROM "analytics_integrations";
DELETE FROM "site_settings";
DELETE FROM "users";
-- Insert Site Settings
INSERT OR REPLACE INTO "site_settings" (id, siteName, currency, currencySymbol, taxRate, freeShippingThreshold, baseShippingCost, contactEmail, contactPhone, createdAt, updatedAt) VALUES ( 'default-settings', 'Beauty & Personal Care', 'BDT', '৳', 0.15, 5000, 150, 'info@beautystore.com', '+8801700000000', '2025-01-15 00:00:00', '2025-01-15 00:00:00' );
-- Insert Default Admin User (password: admin123)
INSERT OR REPLACE INTO "users" (id, email, name, password, role, emailVerified, createdAt, updatedAt) VALUES ( 'admin-001', 'admin@beautystore.com', 'Admin User', 'pbkdf2$100000$245cfd1a81687a32a2c548503b960472c1ca4092a3ca9c059b9f6d047fe70884$19674afc0599cdfe8e9fc3e9ce3d498b02cf29133e4c88f266553bd7c7e5ac7d11f993e5dca14ab2207b5d23a491b935f3b24855a7d21e927b9d222c5b479733', 'admin', 1, '2025-01-15 00:00:00', '2025-01-15 00:00:00' );
-- Insert Demo User (password: user123)
INSERT OR REPLACE INTO "users" (id, email, name, password, role, emailVerified, phone, createdAt, updatedAt) VALUES ( 'user-001', 'user@beautystore.com', 'Demo User', 'pbkdf2$100000$3f8b7a2e1c9d4a6f8e2b3c5d7a9e1f4c6b8d0a2e4f6a8b0c2d4e6f8a0b2c4d6$8a7c5d3e1f9b2a4c6d8e0f2a4b6c8d0e2f4a6b8c0d2e4f6a8b0c2d4e6f8a0b2c4', 'user', 1, '+8801800000000', '2025-01-15 00:00:00', '2025-01-15 00:00:00' );
-- Insert Parent Categories (ACTIVE)
INSERT OR REPLACE INTO "categories" (id, name, slug, description, parentId, isActive, sortOrder, createdAt, updatedAt) VALUES ('cat-skincare', 'Skincare', 'skincare', 'Complete range of skincare products', NULL, 1, 1, '2025-01-15 00:00:00', '2025-01-15 00:00:00'), ('cat-makeup', 'Makeup', 'makeup', 'Complete range of makeup products', NULL, 0, 2, '2025-01-15 00:00:00', '2025-01-15 00:00:00'), ('cat-hair-care', 'Hair Care', 'hair-care', 'Complete range of hair care products', NULL, 1, 3, '2025-01-15 00:00:00', '2025-01-15 00:00:00'), ('cat-body-care', 'Body Care', 'body-care', 'Complete range of body care products', NULL, 1, 4, '2025-01-15 00:00:00', '2025-01-15 00:00:00'), ('cat-personal-care', 'Personal Care', 'personal-care', 'Personal care products for daily hygiene and wellness', NULL, 0, 5, '2025-01-15 00:00:00', '2025-01-15 00:00:00'), ('cat-baby-care', 'Baby Care', 'baby-care', 'Complete range of baby care products', NULL, 1, 6, '2025-01-15 00:00:00', '2025-01-15 00:00:00'), ('cat-mom-care', 'Mom Care', 'mom-care', 'Complete range of mom care products', NULL, 0, 7, '2025-01-15 00:00:00', '2025-01-15 00:00:00'), ('cat-beauty-tools', 'Beauty Tools', 'beauty-tools', 'Beauty tools and accessories for makeup application', NULL, 0, 8, '2025-01-15 00:00:00', '2025-01-15 00:00:00'), ('cat-oral-care', 'Oral Care', 'oral-care', 'Oral care products for healthy teeth and gums', NULL, 0, 9, '2025-01-15 00:00:00', '2025-01-15 00:00:00'), ('cat-bath-shower', 'Bath & Shower', 'bath-shower', 'Bath and shower products for a relaxing experience', NULL, 0, 10, '2025-01-15 00:00:00', '2025-01-15 00:00:00'), ('cat-sun-care', 'Sun Care', 'sun-care', 'Sun protection products for all skin types', NULL, 0, 11, '2025-01-15 00:00:00', '2025-01-15 00:00:00'), ('cat-home-care', 'Home Care', 'home-care', 'Home care products for a clean and healthy environment', NULL, 0, 12, '2025-01-15 00:00:00', '2025-01-15 00:00:00'), ('cat-k-beauty', 'K-Beauty', 'k-beauty', 'Korean beauty products and skincare essentials', NULL, 0, 13, '2025-01-15 00:00:00', '2025-01-15 00:00:00');
-- Insert Subcategories (ACTIVE for those used by Aveeno/CeraVe)
-- Skincare Subcategories
-- Body Care Subcategories
-- Baby Care Subcategories
-- Hair Care Subcategories
-- Other subcategories (inactive)
INSERT OR REPLACE INTO "categories" (id, name, slug, description, parentId, isActive, sortOrder, createdAt, updatedAt) VALUES ('cat-face-wash', 'Face Wash', 'face-wash', 'Premium face wash products', 'cat-skincare', 1, 1, '2025-01-15 00:00:00', '2025-01-15 00:00:00'), ('cat-cleanser', 'Cleanser', 'cleanser', 'Premium cleanser products', 'cat-skincare', 1, 2, '2025-01-15 00:00:00', '2025-01-15 00:00:00'), ('cat-toner', 'Toner', 'toner', 'Premium toner products', 'cat-skincare', 0, 3, '2025-01-15 00:00:00', '2025-01-15 00:00:00'), ('cat-serum', 'Serum', 'serum', 'Premium serum products', 'cat-skincare', 1, 4, '2025-01-15 00:00:00', '2025-01-15 00:00:00'), ('cat-moisturizer', 'Moisturizer', 'moisturizer', 'Premium moisturizer products', 'cat-skincare', 1, 5, '2025-01-15 00:00:00', '2025-01-15 00:00:00'), ('cat-day-cream', 'Day Cream', 'day-cream', 'Premium day cream products', 'cat-skincare', 1, 6, '2025-01-15 00:00:00', '2025-01-15 00:00:00'), ('cat-night-cream', 'Night Cream', 'night-cream', 'Premium night cream products', 'cat-skincare', 1, 7, '2025-01-15 00:00:00', '2025-01-15 00:00:00'), ('cat-eye-cream', 'Eye Cream', 'eye-cream', 'Premium eye cream products', 'cat-skincare', 1, 8, '2025-01-15 00:00:00', '2025-01-15 00:00:00'), ('cat-sunscreen', 'Sunscreen', 'sunscreen', 'Premium sunscreen products', 'cat-skincare', 0, 9, '2025-01-15 00:00:00', '2025-01-15 00:00:00'), ('cat-face-scrub', 'Face Scrub', 'face-scrub', 'Premium face scrub products', 'cat-skincare', 1, 10, '2025-01-15 00:00:00', '2025-01-15 00:00:00'), ('cat-exfoliator', 'Exfoliator', 'exfoliator', 'Premium exfoliator products', 'cat-skincare', 0, 11, '2025-01-15 00:00:00', '2025-01-15 00:00:00'), ('cat-lip-balm', 'Lip Balm', 'lip-balm', 'Premium lip balm products', 'cat-skincare', 0, 12, '2025-01-15 00:00:00', '2025-01-15 00:00:00'), ('cat-body-wash', 'Body Wash', 'body-wash', 'Premium body wash products', 'cat-body-care', 1, 1, '2025-01-15 00:00:00', '2025-01-15 00:00:00'), ('cat-body-lotion', 'Body Lotion', 'body-lotion', 'Premium body lotion products', 'cat-body-care', 1, 2, '2025-01-15 00:00:00', '2025-01-15 00:00:00'), ('cat-body-cream', 'Body Cream', 'body-cream', 'Premium body cream products', 'cat-body-care', 1, 3, '2025-01-15 00:00:00', '2025-01-15 00:00:00'), ('cat-body-oil', 'Body Oil', 'body-oil', 'Premium body oil products', 'cat-body-care', 0, 4, '2025-01-15 00:00:00', '2025-01-15 00:00:00'), ('cat-hand-cream', 'Hand Cream', 'hand-cream', 'Premium hand cream products', 'cat-body-care', 0, 5, '2025-01-15 00:00:00', '2025-01-15 00:00:00'), ('cat-baby-lotion', 'Baby Lotion', 'baby-lotion', 'Premium baby lotion products', 'cat-baby-care', 1, 1, '2025-01-15 00:00:00', '2025-01-15 00:00:00'), ('cat-baby-cream', 'Baby Cream', 'baby-cream', 'Premium baby cream products', 'cat-baby-care', 1, 2, '2025-01-15 00:00:00', '2025-01-15 00:00:00'), ('cat-baby-moisturizer', 'Baby Moisturizer', 'baby-moisturizer', 'Premium baby moisturizer products', 'cat-baby-care', 0, 3, '2025-01-15 00:00:00', '2025-01-15 00:00:00'), ('cat-baby-sunscreen', 'Baby Sunscreen', 'baby-sunscreen', 'Premium baby sunscreen products', 'cat-baby-care', 1, 4, '2025-01-15 00:00:00', '2025-01-15 00:00:00'), ('cat-baby-oil', 'Baby Oil', 'baby-oil', 'Premium baby oil products', 'cat-baby-care', 0, 5, '2025-01-15 00:00:00', '2025-01-15 00:00:00'), ('cat-baby-powder', 'Baby Powder', 'baby-powder', 'Premium baby powder products', 'cat-baby-care', 0, 6, '2025-01-15 00:00:00', '2025-01-15 00:00:00'), ('cat-baby-shampoo', 'Baby Shampoo', 'baby-shampoo', 'Premium baby shampoo products', 'cat-baby-care', 0, 7, '2025-01-15 00:00:00', '2025-01-15 00:00:00'), ('cat-baby-wash', 'Baby Wash', 'baby-wash', 'Premium baby wash products', 'cat-baby-care', 1, 8, '2025-01-15 00:00:00', '2025-01-15 00:00:00'), ('cat-baby-soap', 'Baby Soap', 'baby-soap', 'Premium baby soap products', 'cat-baby-care', 0, 9, '2025-01-15 00:00:00', '2025-01-15 00:00:00'), ('cat-baby-wipes', 'Baby Wipes', 'baby-wipes', 'Premium baby wipes products', 'cat-baby-care', 0, 10, '2025-01-15 00:00:00', '2025-01-15 00:00:00'), ('cat-diaper-rash-cream', 'Diaper Rash Cream', 'diaper-rash-cream', 'Premium diaper rash cream products', 'cat-baby-care', 1, 11, '2025-01-15 00:00:00', '2025-01-15 00:00:00'), ('cat-baby-lip-balm', 'Baby Lip Balm', 'baby-lip-balm', 'Premium baby lip balm products', 'cat-baby-care', 0, 12, '2025-01-15 00:00:00', '2025-01-15 00:00:00'), ('cat-baby-toothpaste', 'Baby Toothpaste', 'baby-toothpaste', 'Premium baby toothpaste products', 'cat-baby-care', 0, 13, '2025-01-15 00:00:00', '2025-01-15 00:00:00'), ('cat-baby-toothbrush', 'Baby Toothbrush', 'baby-toothbrush', 'Premium baby toothbrush products', 'cat-baby-care', 0, 14, '2025-01-15 00:00:00', '2025-01-15 00:00:00'), ('cat-mosquito-repellent', 'Mosquito Repellent', 'mosquito-repellent', 'Premium mosquito repellent products', 'cat-baby-care', 0, 15, '2025-01-15 00:00:00', '2025-01-15 00:00:00'), ('cat-baby-food', 'Baby Food', 'baby-food', 'Premium baby food products', 'cat-baby-care', 0, 16, '2025-01-15 00:00:00', '2025-01-15 00:00:00'), ('cat-baby-formula', 'Baby Formula', 'baby-formula', 'Premium baby formula products', 'cat-baby-care', 0, 17, '2025-01-15 00:00:00', '2025-01-15 00:00:00'), ('cat-baby-diaper', 'Baby Diaper', 'baby-diaper', 'Premium baby diaper products', 'cat-baby-care', 0, 18, '2025-01-15 00:00:00', '2025-01-15 00:00:00'), ('cat-feeding-bottle', 'Feeding Bottle', 'feeding-bottle', 'Premium feeding bottle products', 'cat-baby-care', 0, 19, '2025-01-15 00:00:00', '2025-01-15 00:00:00'), ('cat-feeding-nipple', 'Feeding Nipple', 'feeding-nipple', 'Premium feeding nipple products', 'cat-baby-care', 0, 20, '2025-01-15 00:00:00', '2025-01-15 00:00:00'), ('cat-bottle-cleaner', 'Bottle Cleaner', 'bottle-cleaner', 'Premium bottle cleaner products', 'cat-baby-care', 0, 21, '2025-01-15 00:00:00', '2025-01-15 00:00:00'), ('cat-bottle-brush', 'Bottle Brush', 'bottle-brush', 'Premium bottle brush products', 'cat-baby-care', 0, 22, '2025-01-15 00:00:00', '2025-01-15 00:00:00'), ('cat-bottle-warmer', 'Bottle Warmer', 'bottle-warmer', 'Premium bottle warmer products', 'cat-baby-care', 0, 23, '2025-01-15 00:00:00', '2025-01-15 00:00:00'), ('cat-shampoo', 'Shampoo', 'shampoo', 'Premium shampoo products', 'cat-hair-care', 1, 1, '2025-01-15 00:00:00', '2025-01-15 00:00:00'), ('cat-conditioner', 'Conditioner', 'conditioner', 'Premium conditioner products', 'cat-hair-care', 1, 2, '2025-01-15 00:00:00', '2025-01-15 00:00:00'), ('cat-hair-oil', 'Hair Oil', 'hair-oil', 'Premium hair oil products', 'cat-hair-care', 0, 3, '2025-01-15 00:00:00', '2025-01-15 00:00:00'), ('cat-hair-serum', 'Hair Serum', 'hair-serum', 'Premium hair serum products', 'cat-hair-care', 0, 4, '2025-01-15 00:00:00', '2025-01-15 00:00:00'), ('cat-hair-mask', 'Hair Mask', 'hair-mask', 'Premium hair mask products', 'cat-hair-care', 0, 5, '2025-01-15 00:00:00', '2025-01-15 00:00:00'), ('cat-hair-cream', 'Hair Cream', 'hair-cream', 'Premium hair cream products', 'cat-hair-care', 0, 6, '2025-01-15 00:00:00', '2025-01-15 00:00:00'), ('cat-scalp-treatment', 'Scalp Treatment', 'scalp-treatment', 'Premium scalp treatment products', 'cat-hair-care', 0, 7, '2025-01-15 00:00:00', '2025-01-15 00:00:00'), ('cat-hair-tonic', 'Hair Tonic', 'hair-tonic', 'Premium hair tonic products', 'cat-hair-care', 0, 8, '2025-01-15 00:00:00', '2025-01-15 00:00:00'), ('cat-hair-color', 'Hair Color', 'hair-color', 'Premium hair color products', 'cat-hair-care', 0, 9, '2025-01-15 00:00:00', '2025-01-15 00:00:00'), ('cat-hair-styling-gel', 'Hair Styling Gel', 'hair-styling-gel', 'Premium hair styling gel products', 'cat-hair-care', 0, 10, '2025-01-15 00:00:00', '2025-01-15 00:00:00'), ('cat-hair-wax', 'Hair Wax', 'hair-wax', 'Premium hair wax products', 'cat-hair-care', 0, 11, '2025-01-15 00:00:00', '2025-01-15 00:00:00'), ('cat-hair-spray', 'Hair Spray', 'hair-spray', 'Premium hair spray products', 'cat-hair-care', 0, 12, '2025-01-15 00:00:00', '2025-01-15 00:00:00'), ('cat-hair-mousse', 'Hair Mousse', 'hair-mousse', 'Premium hair mousse products', 'cat-hair-care', 0, 13, '2025-01-15 00:00:00', '2025-01-15 00:00:00'), ('cat-heat-protectant', 'Heat Protectant', 'heat-protectant', 'Premium heat protectant products', 'cat-hair-care', 0, 14, '2025-01-15 00:00:00', '2025-01-15 00:00:00'), ('cat-hair-growth-treatment', 'Hair Growth Treatment', 'hair-growth-treatment', 'Premium hair growth treatment products', 'cat-hair-care', 0, 15, '2025-01-15 00:00:00', '2025-01-15 00:00:00'), ('cat-dandruff-treatment', 'Dandruff Treatment', 'dandruff-treatment', 'Premium dandruff treatment products', 'cat-hair-care', 0, 16, '2025-01-15 00:00:00', '2025-01-15 00:00:00'), ('cat-cleansing-oil', 'Cleansing Oil', 'cleansing-oil', 'Premium cleansing oil products', 'cat-skincare', 0, 13, '2025-01-15 00:00:00', '2025-01-15 00:00:00'), ('cat-cleansing-balm', 'Cleansing Balm', 'cleansing-balm', 'Premium cleansing balm products', 'cat-skincare', 0, 14, '2025-01-15 00:00:00', '2025-01-15 00:00:00'), ('cat-micellar-water', 'Micellar Water', 'micellar-water', 'Premium micellar water products', 'cat-skincare', 0, 15, '2025-01-15 00:00:00', '2025-01-15 00:00:00'), ('cat-toner-pads', 'Toner Pads', 'toner-pads', 'Premium toner pads products', 'cat-skincare', 0, 16, '2025-01-15 00:00:00', '2025-01-15 00:00:00'), ('cat-essence', 'Essence', 'essence', 'Premium essence products', 'cat-skincare', 0, 17, '2025-01-15 00:00:00', '2025-01-15 00:00:00'), ('cat-ampoule', 'Ampoule', 'ampoule', 'Premium ampoule products', 'cat-skincare', 0, 18, '2025-01-15 00:00:00', '2025-01-15 00:00:00'), ('cat-face-oil', 'Face Oil', 'face-oil', 'Premium face oil products', 'cat-skincare', 0, 19, '2025-01-15 00:00:00', '2025-01-15 00:00:00'), ('cat-day-night-cream', 'Day & Night Cream', 'day-night-cream', 'Premium day & night cream products', 'cat-skincare', 0, 20, '2025-01-15 00:00:00', '2025-01-15 00:00:00'), ('cat-gel-cream', 'Gel Cream', 'gel-cream', 'Premium gel cream products', 'cat-skincare', 0, 21, '2025-01-15 00:00:00', '2025-01-15 00:00:00'), ('cat-sleeping-mask', 'Sleeping Mask', 'sleeping-mask', 'Premium sleeping mask products', 'cat-skincare', 0, 22, '2025-01-15 00:00:00', '2025-01-15 00:00:00'), ('cat-sheet-mask', 'Sheet Mask', 'sheet-mask', 'Premium sheet mask products', 'cat-skincare', 0, 23, '2025-01-15 00:00:00', '2025-01-15 00:00:00'), ('cat-clay-mask', 'Clay Mask', 'clay-mask', 'Premium clay mask products', 'cat-skincare', 0, 24, '2025-01-15 00:00:00', '2025-01-15 00:00:00'), ('cat-wash-off-mask', 'Wash Off Mask', 'wash-off-mask', 'Premium wash off mask products', 'cat-skincare', 0, 25, '2025-01-15 00:00:00', '2025-01-15 00:00:00'), ('cat-face-pack', 'Face Pack', 'face-pack', 'Premium face pack products', 'cat-skincare', 0, 26, '2025-01-15 00:00:00', '2025-01-15 00:00:00'), ('cat-peeling-solution', 'Peeling Solution', 'peeling-solution', 'Premium peeling solution products', 'cat-skincare', 0, 27, '2025-01-15 00:00:00', '2025-01-15 00:00:00'), ('cat-eye-gel', 'Eye Gel', 'eye-gel', 'Premium eye gel products', 'cat-skincare', 0, 28, '2025-01-15 00:00:00', '2025-01-15 00:00:00'), ('cat-eye-patch', 'Eye Patch', 'eye-patch', 'Premium eye patch products', 'cat-skincare', 0, 29, '2025-01-15 00:00:00', '2025-01-15 00:00:00'), ('cat-lip-oil', 'Lip Oil', 'lip-oil', 'Premium lip oil products', 'cat-skincare', 0, 30, '2025-01-15 00:00:00', '2025-01-15 00:00:00'), ('cat-lip-mask', 'Lip Mask', 'lip-mask', 'Premium lip mask products', 'cat-skincare', 0, 31, '2025-01-15 00:00:00', '2025-01-15 00:00:00'), ('cat-lip-scrub', 'Lip Scrub', 'lip-scrub', 'Premium lip scrub products', 'cat-skincare', 0, 32, '2025-01-15 00:00:00', '2025-01-15 00:00:00'), ('cat-sun-stick', 'Sun Stick', 'sun-stick', 'Premium sun stick products', 'cat-skincare', 0, 33, '2025-01-15 00:00:00', '2025-01-15 00:00:00'), ('cat-facial-wipes', 'Facial Wipes', 'facial-wipes', 'Premium facial wipes products', 'cat-skincare', 0, 34, '2025-01-15 00:00:00', '2025-01-15 00:00:00'), ('cat-pimple-patches', 'Pimple Patches', 'pimple-patches', 'Premium pimple patches products', 'cat-skincare', 0, 35, '2025-01-15 00:00:00', '2025-01-15 00:00:00'), ('cat-blemish-treatment', 'Blemish Treatment', 'blemish-treatment', 'Premium blemish treatment products', 'cat-skincare', 0, 36, '2025-01-15 00:00:00', '2025-01-15 00:00:00'), ('cat-spot-treatment', 'Spot Treatment', 'spot-treatment', 'Premium spot treatment products', 'cat-skincare', 0, 37, '2025-01-15 00:00:00', '2025-01-15 00:00:00'), ('cat-facial-kit', 'Facial Kit', 'facial-kit', 'Premium facial kit products', 'cat-skincare', 0, 38, '2025-01-15 00:00:00', '2025-01-15 00:00:00'), ('cat-makeup-remover', 'Makeup Remover', 'makeup-remover', 'Premium makeup remover products', 'cat-skincare', 0, 39, '2025-01-15 00:00:00', '2025-01-15 00:00:00'), ('cat-shower-gel', 'Shower Gel', 'shower-gel', 'Premium shower gel products', 'cat-body-care', 0, 92, '2025-01-15 00:00:00', '2025-01-15 00:00:00'), ('cat-soap', 'Soap', 'soap', 'Premium soap products', 'cat-body-care', 0, 93, '2025-01-15 00:00:00', '2025-01-15 00:00:00'), ('cat-body-scrub', 'Body Scrub', 'body-scrub', 'Premium body scrub products', 'cat-body-care', 0, 94, '2025-01-15 00:00:00', '2025-01-15 00:00:00'), ('cat-body-butter', 'Body Butter', 'body-butter', 'Premium body butter products', 'cat-body-care', 0, 97, '2025-01-15 00:00:00', '2025-01-15 00:00:00'), ('cat-body-mist', 'Body Mist', 'body-mist', 'Premium body mist products', 'cat-body-care', 0, 99, '2025-01-15 00:00:00', '2025-01-15 00:00:00'), ('cat-deodorant', 'Deodorant', 'deodorant', 'Premium deodorant products', 'cat-body-care', 0, 100, '2025-01-15 00:00:00', '2025-01-15 00:00:00'), ('cat-roll-on', 'Roll On', 'roll-on', 'Premium roll on products', 'cat-body-care', 0, 101, '2025-01-15 00:00:00', '2025-01-15 00:00:00'), ('cat-talcum-powder', 'Talcum Powder', 'talcum-powder', 'Premium talcum powder products', 'cat-body-care', 0, 102, '2025-01-15 00:00:00', '2025-01-15 00:00:00'), ('cat-foot-cream', 'Foot Cream', 'foot-cream', 'Premium foot cream products', 'cat-body-care', 0, 104, '2025-01-15 00:00:00', '2025-01-15 00:00:00'), ('cat-hand-wash', 'Hand Wash', 'hand-wash', 'Premium hand wash products', 'cat-body-care', 0, 105, '2025-01-15 00:00:00', '2025-01-15 00:00:00'), ('cat-hand-sanitizer', 'Hand Sanitizer', 'hand-sanitizer', 'Premium hand sanitizer products', 'cat-body-care', 0, 106, '2025-01-15 00:00:00', '2025-01-15 00:00:00'), ('cat-intimate-wash', 'Intimate Wash', 'intimate-wash', 'Premium intimate wash products', 'cat-body-care', 0, 107, '2025-01-15 00:00:00', '2025-01-15 00:00:00'), ('cat-stretch-mark-cream', 'Stretch Mark Cream', 'stretch-mark-cream', 'Premium stretch mark cream products', 'cat-body-care', 0, 108, '2025-01-15 00:00:00', '2025-01-15 00:00:00'), ('cat-maternity-care', 'Maternity Care', 'maternity-care', 'Premium maternity care products', 'cat-mom-care', 0, 132, '2025-01-15 00:00:00', '2025-01-15 00:00:00'), ('cat-breast-care', 'Breast Care', 'breast-care', 'Premium breast care products', 'cat-mom-care', 0, 133, '2025-01-15 00:00:00', '2025-01-15 00:00:00'), ('cat-nipple-cream', 'Nipple Cream', 'nipple-cream', 'Premium nipple cream products', 'cat-mom-care', 0, 134, '2025-01-15 00:00:00', '2025-01-15 00:00:00'), ('cat-stretch-mark-care', 'Stretch Mark Care', 'stretch-mark-care', 'Premium stretch mark care products', 'cat-mom-care', 0, 135, '2025-01-15 00:00:00', '2025-01-15 00:00:00'), ('cat-postpartum-care', 'Postpartum Care', 'postpartum-care', 'Premium postpartum care products', 'cat-mom-care', 0, 136, '2025-01-15 00:00:00', '2025-01-15 00:00:00'), ('cat-feminine-wash', 'Feminine Wash', 'feminine-wash', 'Premium feminine wash products', 'cat-mom-care', 0, 137, '2025-01-15 00:00:00', '2025-01-15 00:00:00'), ('cat-sanitary-napkin', 'Sanitary Napkin', 'sanitary-napkin', 'Premium sanitary napkin products', 'cat-mom-care', 0, 138, '2025-01-15 00:00:00', '2025-01-15 00:00:00'), ('cat-panty-liners', 'Panty Liners', 'panty-liners', 'Premium panty liners products', 'cat-mom-care', 0, 139, '2025-01-15 00:00:00', '2025-01-15 00:00:00');
-- Insert Brands (Aveeno and CeraVe ACTIVE, others inactive)
-- Note: Only including Aveeno and CeraVe as active to keep seed file manageable
INSERT OR REPLACE INTO "brands" (id, name, slug, logo, description, country, isActive, featured, sortOrder, createdAt, updatedAt) VALUES ('brand-023', 'Aveeno', 'aveeno', NULL, 'Aveeno beauty products', 'USA', 1, 1, 21, '2025-01-15 00:00:00', '2025-01-15 00:00:00'), ('brand-063', 'CeraVe', 'cerave', NULL, 'CeraVe beauty products', 'USA', 1, 1, 60, '2025-01-15 00:00:00', '2025-01-15 00:00:00');
-- ============================================
-- AVEENO PRODUCTS
-- ============================================
-- AVEENO BODY CARE PRODUCTS
-- Aveeno Daily Moisturizing Lotion
INSERT OR REPLACE INTO "products" (id, name, slug, description, categoryId, price, basePrice, comparePrice, stock, isActive, hasVariants, brandId, brandName, countryOfOrigin, availableSizes, totalCost, averageCost, createdAt, updatedAt) VALUES ('prod-aveeno-001', 'Aveeno Daily Moisturizing Lotion', 'aveeno-daily-moisturizing-lotion', 'Naturally nourishing lotion with oat and rich emollients for 24-hour moisturization. Dermatologist recommended for dry skin.', 'cat-body-lotion', 1800, 1800, 2800, 50, 1, 1, 'brand-023', 'Aveeno', 'USA', '["71g","227g","300ml","354ml","532ml","710ml"]', 1080, 1080, '2025-01-15 00:00:00', '2025-01-15 00:00:00');
-- Variants for Aveeno Daily Moisturizing Lotion
INSERT OR REPLACE INTO "product_variants" (id, productId, sku, name, price, comparePrice, stock, size, isActive, isDefault, lowStockAlert, reorderLevel, reorderQty, countryOfOrigin, totalCost, averageCost, createdAt, updatedAt) VALUES ('var-aveeno-001-1', 'prod-aveeno-001', 'AVE-ADML-71g', 'Aveeno Daily Moisturizing Lotion - 71g', 700, 1200, 50, '71g', 1, 0, 10, 5, 20, 'USA', 420, 420, '2025-01-15 00:00:00', '2025-01-15 00:00:00'), ('var-aveeno-001-2', 'prod-aveeno-001', 'AVE-ADML-227g', 'Aveeno Daily Moisturizing Lotion - 227g', 1200, 1800, 50, '227g', 1, 0, 10, 5, 20, 'USA', 720, 720, '2025-01-15 00:00:00', '2025-01-15 00:00:00'), ('var-aveeno-001-3', 'prod-aveeno-001', 'AVE-ADML-300ml', 'Aveeno Daily Moisturizing Lotion - 300ml', 1500, 2500, 50, '300ml', 1, 0, 10, 5, 20, 'USA', 900, 900, '2025-01-15 00:00:00', '2025-01-15 00:00:00'), ('var-aveeno-001-4', 'prod-aveeno-001', 'AVE-ADML-354ml', 'Aveeno Daily Moisturizing Lotion - 354ml', 1800, 2800, 50, '354ml', 1, 1, 10, 5, 20, 'USA', 1080, 1080, '2025-01-15 00:00:00', '2025-01-15 00:00:00'), ('var-aveeno-001-5', 'prod-aveeno-001', 'AVE-ADML-532ml', 'Aveeno Daily Moisturizing Lotion - 532ml', 2500, 3800, 50, '532ml', 1, 0, 10, 5, 20, 'USA', 1500, 1500, '2025-01-15 00:00:00', '2025-01-15 00:00:00'), ('var-aveeno-001-6', 'prod-aveeno-001', 'AVE-ADML-710ml', 'Aveeno Daily Moisturizing Lotion - 710ml', 3500, 5000, 50, '710ml', 1, 0, 10, 5, 20, 'USA', 2100, 2100, '2025-01-15 00:00:00', '2025-01-15 00:00:00');
-- Aveeno Daily Moisturizing Body Wash
INSERT OR REPLACE INTO "products" (id, name, slug, description, categoryId, price, basePrice, comparePrice, stock, isActive, hasVariants, brandId, brandName, countryOfOrigin, availableSizes, totalCost, averageCost, createdAt, updatedAt) VALUES ('prod-aveeno-002', 'Aveeno Daily Moisturizing Body Wash', 'aveeno-daily-moisturizing-body-wash', 'Daily body wash that moisturizes as it cleanses. Formulated with natural oat and rich emollients.', 'cat-body-wash', 2200, 2200, 3500, 50, 1, 1, 'brand-023', 'Aveeno', 'USA', '["300ml","532ml"]', 1320, 1320, '2025-01-15 00:00:00', '2025-01-15 00:00:00');
INSERT OR REPLACE INTO "product_variants" (id, productId, sku, name, price, comparePrice, stock, size, isActive, isDefault, lowStockAlert, reorderLevel, reorderQty, countryOfOrigin, totalCost, averageCost, createdAt, updatedAt) VALUES ('var-aveeno-002-1', 'prod-aveeno-002', 'AVE-ADMBW-300ml', 'Aveeno Daily Moisturizing Body Wash - 300ml', 1200, 2200, 50, '300ml', 1, 0, 10, 5, 20, 'USA', 720, 720, '2025-01-15 00:00:00', '2025-01-15 00:00:00'), ('var-aveeno-002-2', 'prod-aveeno-002', 'AVE-ADMBW-532ml', 'Aveeno Daily Moisturizing Body Wash - 532ml', 2200, 3500, 50, '532ml', 1, 1, 10, 5, 20, 'USA', 1320, 1320, '2025-01-15 00:00:00', '2025-01-15 00:00:00');
-- Aveeno Skin Relief Moisturizing Lotion
INSERT OR REPLACE INTO "products" (id, name, slug, description, categoryId, price, basePrice, comparePrice, stock, isActive, hasVariants, brandId, brandName, countryOfOrigin, availableSizes, totalCost, averageCost, createdAt, updatedAt) VALUES ('prod-aveeno-003', 'Aveeno Skin Relief Moisturizing Lotion', 'aveeno-skin-relief-moisturizing-lotion', 'Moisturizing lotion with natural oat and shea butter for relief from dry, itchy skin. Fragrance-free and steroid-free.', 'cat-body-lotion', 2200, 2200, 3500, 50, 1, 1, 'brand-023', 'Aveeno', 'USA', '["71g","354ml","532ml"]', 1320, 1320, '2025-01-15 00:00:00', '2025-01-15 00:00:00');
INSERT OR REPLACE INTO "product_variants" (id, productId, sku, name, price, comparePrice, stock, size, isActive, isDefault, lowStockAlert, reorderLevel, reorderQty, countryOfOrigin, totalCost, averageCost, createdAt, updatedAt) VALUES ('var-aveeno-003-1', 'prod-aveeno-003', 'AVE-ASRML-71g', 'Aveeno Skin Relief Moisturizing Lotion - 71g', 800, 1300, 50, '71g', 1, 0, 10, 5, 20, 'USA', 480, 480, '2025-01-15 00:00:00', '2025-01-15 00:00:00'), ('var-aveeno-003-2', 'prod-aveeno-003', 'AVE-ASRML-354ml', 'Aveeno Skin Relief Moisturizing Lotion - 354ml', 2200, 3500, 50, '354ml', 1, 1, 10, 5, 20, 'USA', 1320, 1320, '2025-01-15 00:00:00', '2025-01-15 00:00:00'), ('var-aveeno-003-3', 'prod-aveeno-003', 'AVE-ASRML-532ml', 'Aveeno Skin Relief Moisturizing Lotion - 532ml', 3200, 4800, 50, '532ml', 1, 0, 10, 5, 20, 'USA', 1920, 1920, '2025-01-15 00:00:00', '2025-01-15 00:00:00');
-- Aveeno Skin Relief Body Wash
INSERT OR REPLACE INTO "products" (id, name, slug, description, categoryId, price, basePrice, comparePrice, stock, isActive, hasVariants, brandId, brandName, countryOfOrigin, availableSizes, totalCost, averageCost, createdAt, updatedAt) VALUES ('prod-aveeno-004', 'Aveeno Skin Relief Body Wash', 'aveeno-skin-relief-body-wash', 'Soothing body wash with natural oat and menthol for relief from dry, itchy skin. Gentle enough for sensitive skin.', 'cat-body-wash', 2500, 2500, 4000, 50, 1, 1, 'brand-023', 'Aveeno', 'USA', '["300ml","532ml"]', 1500, 1500, '2025-01-15 00:00:00', '2025-01-15 00:00:00');
INSERT OR REPLACE INTO "product_variants" (id, productId, sku, name, price, comparePrice, stock, size, isActive, isDefault, lowStockAlert, reorderLevel, reorderQty, countryOfOrigin, totalCost, averageCost, createdAt, updatedAt) VALUES ('var-aveeno-004-1', 'prod-aveeno-004', 'AVE-ASRBW-300ml', 'Aveeno Skin Relief Body Wash - 300ml', 1500, 2500, 50, '300ml', 1, 0, 10, 5, 20, 'USA', 900, 900, '2025-01-15 00:00:00', '2025-01-15 00:00:00'), ('var-aveeno-004-2', 'prod-aveeno-004', 'AVE-ASRBW-532ml', 'Aveeno Skin Relief Body Wash - 532ml', 2500, 4000, 50, '532ml', 1, 1, 10, 5, 20, 'USA', 1500, 1500, '2025-01-15 00:00:00', '2025-01-15 00:00:00');
-- Aveeno Stress Relief Lotion
INSERT OR REPLACE INTO "products" (id, name, slug, description, categoryId, price, basePrice, comparePrice, stock, isActive, hasVariants, brandId, brandName, countryOfOrigin, availableSizes, totalCost, averageCost, createdAt, updatedAt) VALUES ('prod-aveeno-005', 'Aveeno Stress Relief Lotion', 'aveeno-stress-relief-lotion', 'Calming lotion with natural oat, lavender, and chamomile scents for stress relief and skin hydration.', 'cat-body-lotion', 3200, 3200, 4800, 50, 1, 1, 'brand-023', 'Aveeno', 'USA', '["354ml","532ml"]', 1920, 1920, '2025-01-15 00:00:00', '2025-01-15 00:00:00');
INSERT OR REPLACE INTO "product_variants" (id, productId, sku, name, price, comparePrice, stock, size, isActive, isDefault, lowStockAlert, reorderLevel, reorderQty, countryOfOrigin, totalCost, averageCost, createdAt, updatedAt) VALUES ('var-aveeno-005-1', 'prod-aveeno-005', 'AVE-ASRL-354ml', 'Aveeno Stress Relief Lotion - 354ml', 2200, 3500, 50, '354ml', 1, 0, 10, 5, 20, 'USA', 1320, 1320, '2025-01-15 00:00:00', '2025-01-15 00:00:00'), ('var-aveeno-005-2', 'prod-aveeno-005', 'AVE-ASRL-532ml', 'Aveeno Stress Relief Lotion - 532ml', 3200, 4800, 50, '532ml', 1, 1, 10, 5, 20, 'USA', 1920, 1920, '2025-01-15 00:00:00', '2025-01-15 00:00:00');
-- Aveeno Stress Relief Body Wash
INSERT OR REPLACE INTO "products" (id, name, slug, description, categoryId, price, basePrice, comparePrice, stock, isActive, hasVariants, brandId, brandName, countryOfOrigin, availableSizes, totalCost, averageCost, createdAt, updatedAt) VALUES ('prod-aveeno-006', 'Aveeno Stress Relief Body Wash', 'aveeno-stress-relief-body-wash', 'Stress-relieving body wash with calming scents of lavender, chamomile, and ylang-ylang for a relaxing shower experience.', 'cat-body-wash', 1500, 1500, 2500, 50, 1, 1, 'brand-023', 'Aveeno', 'USA', '["300ml"]', 900, 900, '2025-01-15 00:00:00', '2025-01-15 00:00:00');
INSERT OR REPLACE INTO "product_variants" (id, productId, sku, name, price, comparePrice, stock, size, isActive, isDefault, lowStockAlert, reorderLevel, reorderQty, countryOfOrigin, totalCost, averageCost, createdAt, updatedAt) VALUES ('var-aveeno-006-1', 'prod-aveeno-006', 'AVE-ASRBW2-300ml', 'Aveeno Stress Relief Body Wash - 300ml', 1500, 2500, 50, '300ml', 1, 1, 10, 5, 20, 'USA', 900, 900, '2025-01-15 00:00:00', '2025-01-15 00:00:00');
-- Aveeno Sheer Hydration Lotion
INSERT OR REPLACE INTO "products" (id, name, slug, description, categoryId, price, basePrice, comparePrice, stock, isActive, hasVariants, brandId, brandName, countryOfOrigin, availableSizes, totalCost, averageCost, createdAt, updatedAt) VALUES ('prod-aveeno-007', 'Aveeno Sheer Hydration Lotion', 'aveeno-sheer-hydration-lotion', 'Lightweight, oil-free lotion with natural oat and glycerin for all-day hydration without greasy feel.', 'cat-body-lotion', 3200, 3200, 4800, 50, 1, 1, 'brand-023', 'Aveeno', 'USA', '["354ml","532ml"]', 1920, 1920, '2025-01-15 00:00:00', '2025-01-15 00:00:00');
INSERT OR REPLACE INTO "product_variants" (id, productId, sku, name, price, comparePrice, stock, size, isActive, isDefault, lowStockAlert, reorderLevel, reorderQty, countryOfOrigin, totalCost, averageCost, createdAt, updatedAt) VALUES ('var-aveeno-007-1', 'prod-aveeno-007', 'AVE-ASHL-354ml', 'Aveeno Sheer Hydration Lotion - 354ml', 2200, 3500, 50, '354ml', 1, 0, 10, 5, 20, 'USA', 1320, 1320, '2025-01-15 00:00:00', '2025-01-15 00:00:00'), ('var-aveeno-007-2', 'prod-aveeno-007', 'AVE-ASHL-532ml', 'Aveeno Sheer Hydration Lotion - 532ml', 3200, 4800, 50, '532ml', 1, 1, 10, 5, 20, 'USA', 1920, 1920, '2025-01-15 00:00:00', '2025-01-15 00:00:00');
-- Aveeno Tone + Texture Lotion
INSERT OR REPLACE INTO "products" (id, name, slug, description, categoryId, price, basePrice, comparePrice, stock, isActive, hasVariants, brandId, brandName, countryOfOrigin, availableSizes, totalCost, averageCost, createdAt, updatedAt) VALUES ('prod-aveeno-008', 'Aveeno Tone + Texture Lotion', 'aveeno-tone-texture-lotion', 'Lotion with natural oat and shea butter to improve skin tone and texture while providing deep hydration.', 'cat-body-lotion', 3500, 3500, 5500, 50, 1, 1, 'brand-023', 'Aveeno', 'USA', '["200ml","532ml"]', 2100, 2100, '2025-01-15 00:00:00', '2025-01-15 00:00:00');
INSERT OR REPLACE INTO "product_variants" (id, productId, sku, name, price, comparePrice, stock, size, isActive, isDefault, lowStockAlert, reorderLevel, reorderQty, countryOfOrigin, totalCost, averageCost, createdAt, updatedAt) VALUES ('var-aveeno-008-1', 'prod-aveeno-008', 'AVE-ATTL-200ml', 'Aveeno Tone + Texture Lotion - 200ml', 2200, 3500, 50, '200ml', 1, 0, 10, 5, 20, 'USA', 1320, 1320, '2025-01-15 00:00:00', '2025-01-15 00:00:00'), ('var-aveeno-008-2', 'prod-aveeno-008', 'AVE-ATTL-532ml', 'Aveeno Tone + Texture Lotion - 532ml', 3500, 5500, 50, '532ml', 1, 1, 10, 5, 20, 'USA', 2100, 2100, '2025-01-15 00:00:00', '2025-01-15 00:00:00');
-- Aveeno Eczema Therapy Cream
INSERT OR REPLACE INTO "products" (id, name, slug, description, categoryId, price, basePrice, comparePrice, stock, isActive, hasVariants, brandId, brandName, countryOfOrigin, availableSizes, totalCost, averageCost, createdAt, updatedAt) VALUES ('prod-aveeno-009', 'Aveeno Eczema Therapy Cream', 'aveeno-eczema-therapy-cream', 'Clinically proven relief for eczema-prone skin. Colloidal oatmeal and ceramide-enriched formula.', 'cat-body-cream', 3000, 3000, 4500, 50, 1, 1, 'brand-023', 'Aveeno', 'USA', '["141g","206g"]', 1800, 1800, '2025-01-15 00:00:00', '2025-01-15 00:00:00');
INSERT OR REPLACE INTO "product_variants" (id, productId, sku, name, price, comparePrice, stock, size, isActive, isDefault, lowStockAlert, reorderLevel, reorderQty, countryOfOrigin, totalCost, averageCost, createdAt, updatedAt) VALUES ('var-aveeno-009-1', 'prod-aveeno-009', 'AVE-AETC-141g', 'Aveeno Eczema Therapy Cream - 141g', 2200, 3500, 50, '141g', 1, 0, 10, 5, 20, 'USA', 1320, 1320, '2025-01-15 00:00:00', '2025-01-15 00:00:00'), ('var-aveeno-009-2', 'prod-aveeno-009', 'AVE-AETC-206g', 'Aveeno Eczema Therapy Cream - 206g', 3000, 4500, 50, '206g', 1, 1, 10, 5, 20, 'USA', 1800, 1800, '2025-01-15 00:00:00', '2025-01-15 00:00:00');
-- Aveeno Restorative Skin Therapy Lotion
INSERT OR REPLACE INTO "products" (id, name, slug, description, categoryId, price, basePrice, stock, isActive, hasVariants, brandId, brandName, countryOfOrigin, totalCost, averageCost, createdAt, updatedAt) VALUES ('prod-aveeno-010', 'Aveeno Restorative Skin Therapy Lotion', 'aveeno-restorative-skin-therapy-lotion', 'Intensive moisturizing lotion with triple oat complex for severely dry skin. Restores skin barrier.', 'cat-body-lotion', 2500, 2500, 50, 1, 1, 'brand-023', 'Aveeno', 'USA', 1500, 1500, '2025-01-15 00:00:00', '2025-01-15 00:00:00');
INSERT OR REPLACE INTO "product_variants" (id, productId, sku, name, price, stock, size, isActive, isDefault, lowStockAlert, reorderLevel, reorderQty, countryOfOrigin, totalCost, averageCost, createdAt, updatedAt) VALUES ('var-aveeno-010-1', 'prod-aveeno-010', 'AVE-ARSTL-354ml', 'Aveeno Restorative Skin Therapy Lotion - 354ml', 2500, 50, '354ml', 1, 1, 10, 5, 20, 'USA', 1500, 1500, '2025-01-15 00:00:00', '2025-01-15 00:00:00');
-- Aveeno Restorative Skin Therapy Balm
INSERT OR REPLACE INTO "products" (id, name, slug, description, categoryId, price, basePrice, stock, isActive, hasVariants, brandId, brandName, countryOfOrigin, totalCost, averageCost, createdAt, updatedAt) VALUES ('prod-aveeno-011', 'Aveeno Restorative Skin Therapy Balm', 'aveeno-restorative-skin-therapy-balm', 'Intensive skin therapy balm with triple oat complex for extra-dry, rough patches. Creates protective barrier.', 'cat-body-cream', 2800, 2800, 50, 1, 1, 'brand-023', 'Aveeno', 'USA', 1680, 1680, '2025-01-15 00:00:00', '2025-01-15 00:00:00');
INSERT OR REPLACE INTO "product_variants" (id, productId, sku, name, price, stock, size, isActive, isDefault, lowStockAlert, reorderLevel, reorderQty, countryOfOrigin, totalCost, averageCost, createdAt, updatedAt) VALUES ('var-aveeno-011-1', 'prod-aveeno-011', 'AVE-ARSTB-312g', 'Aveeno Restorative Skin Therapy Balm - 312g', 2800, 50, '312g', 1, 1, 10, 5, 20, 'USA', 1680, 1680, '2025-01-15 00:00:00', '2025-01-15 00:00:00');
-- AVEENO BABY PRODUCTS
-- Aveeno Baby Daily Care Moisturising Lotion
INSERT OR REPLACE INTO "products" (id, name, slug, description, categoryId, price, basePrice, comparePrice, stock, isActive, hasVariants, brandId, brandName, countryOfOrigin, totalCost, averageCost, createdAt, updatedAt) VALUES ('prod-aveeno-baby-001', 'Aveeno Baby Daily Care Moisturising Lotion', 'aveeno-baby-daily-care-moisturising-lotion', 'Daily moisturizing lotion formulated specially for baby''s delicate skin with natural oat extract.', 'cat-baby-lotion', 1050, 1050, 1200, 50, 1, 1, 'brand-023', 'Aveeno', 'USA', 630, 630, '2025-01-15 00:00:00', '2025-01-15 00:00:00');
INSERT OR REPLACE INTO "product_variants" (id, productId, sku, name, price, comparePrice, stock, size, isActive, isDefault, lowStockAlert, reorderLevel, reorderQty, countryOfOrigin, totalCost, averageCost, createdAt, updatedAt) VALUES ('var-aveeno-baby-001-1', 'prod-aveeno-baby-001', 'AVE-ABDCML-150ml', 'Aveeno Baby Daily Care Moisturising Lotion - 150ml', 1050, 1200, 50, '150ml', 1, 1, 10, 5, 20, 'USA', 630, 630, '2025-01-15 00:00:00', '2025-01-15 00:00:00');
-- Aveeno Baby Daily Moisture Lotion
INSERT OR REPLACE INTO "products" (id, name, slug, description, categoryId, price, basePrice, comparePrice, stock, isActive, hasVariants, brandId, brandName, countryOfOrigin, availableSizes, totalCost, averageCost, createdAt, updatedAt) VALUES ('prod-aveeno-baby-002', 'Aveeno Baby Daily Moisture Lotion', 'aveeno-baby-daily-moisture-lotion', 'Lightweight daily moisture lotion with natural oat extract for baby''s soft, delicate skin.', 'cat-baby-lotion', 2100, 2100, 2800, 50, 1, 1, 'brand-023', 'Aveeno', 'USA', '["227ml","354ml","532ml"]', 1260, 1260, '2025-01-15 00:00:00', '2025-01-15 00:00:00');
INSERT OR REPLACE INTO "product_variants" (id, productId, sku, name, price, comparePrice, stock, size, isActive, isDefault, lowStockAlert, reorderLevel, reorderQty, countryOfOrigin, totalCost, averageCost, createdAt, updatedAt) VALUES ('var-aveeno-baby-002-1', 'prod-aveeno-baby-002', 'AVE-ABDML-227ml', 'Aveeno Baby Daily Moisture Lotion - 227ml', 1500, 1800, 50, '227ml', 1, 0, 10, 5, 20, 'USA', 900, 900, '2025-01-15 00:00:00', '2025-01-15 00:00:00'), ('var-aveeno-baby-002-2', 'prod-aveeno-baby-002', 'AVE-ABDML-354ml', 'Aveeno Baby Daily Moisture Lotion - 354ml', 2100, 2800, 50, '354ml', 1, 1, 10, 5, 20, 'USA', 1260, 1260, '2025-01-15 00:00:00', '2025-01-15 00:00:00'), ('var-aveeno-baby-002-3', 'prod-aveeno-baby-002', 'AVE-ABDML-532ml', 'Aveeno Baby Daily Moisture Lotion - 532ml', 3500, 4000, 50, '532ml', 1, 0, 10, 5, 20, 'USA', 2100, 2100, '2025-01-15 00:00:00', '2025-01-15 00:00:00');
-- Aveeno Baby Daily Moisture Cream
INSERT OR REPLACE INTO "products" (id, name, slug, description, categoryId, price, basePrice, comparePrice, stock, isActive, hasVariants, brandId, brandName, countryOfOrigin, totalCost, averageCost, createdAt, updatedAt) VALUES ('prod-aveeno-baby-003', 'Aveeno Baby Daily Moisture Cream', 'aveeno-baby-daily-moisture-cream', 'Rich daily moisture cream with natural oat extract for extra dry baby skin.', 'cat-baby-cream', 2000, 2000, 2500, 50, 1, 1, 'brand-023', 'Aveeno', 'USA', 1200, 1200, '2025-01-15 00:00:00', '2025-01-15 00:00:00');
INSERT OR REPLACE INTO "product_variants" (id, productId, sku, name, price, comparePrice, stock, size, isActive, isDefault, lowStockAlert, reorderLevel, reorderQty, countryOfOrigin, totalCost, averageCost, createdAt, updatedAt) VALUES ('var-aveeno-baby-003-1', 'prod-aveeno-baby-003', 'AVE-ABDMC-227g', 'Aveeno Baby Daily Moisture Cream - 227g', 2000, 2500, 50, '227g', 1, 1, 10, 5, 20, 'USA', 1200, 1200, '2025-01-15 00:00:00', '2025-01-15 00:00:00');
-- Aveeno Baby Wash & Shampoo
INSERT OR REPLACE INTO "products" (id, name, slug, description, categoryId, price, basePrice, comparePrice, stock, isActive, hasVariants, brandId, brandName, countryOfOrigin, availableSizes, totalCost, averageCost, createdAt, updatedAt) VALUES ('prod-aveeno-baby-004', 'Aveeno Baby Wash & Shampoo', 'aveeno-baby-wash-shampoo', 'Tear-free wash and shampoo formulated with natural oat extract for baby''s hair and body.', 'cat-baby-wash', 2100, 2100, 3000, 50, 1, 1, 'brand-023', 'Aveeno', 'USA', '["236ml","354ml"]', 1260, 1260, '2025-01-15 00:00:00', '2025-01-15 00:00:00');
INSERT OR REPLACE INTO "product_variants" (id, productId, sku, name, price, comparePrice, stock, size, isActive, isDefault, lowStockAlert, reorderLevel, reorderQty, countryOfOrigin, totalCost, averageCost, createdAt, updatedAt) VALUES ('var-aveeno-baby-004-1', 'prod-aveeno-baby-004', 'AVE-ABWS-236ml', 'Aveeno Baby Wash & Shampoo - 236ml', 1700, 2200, 50, '236ml', 1, 0, 10, 5, 20, 'USA', 1020, 1020, '2025-01-15 00:00:00', '2025-01-15 00:00:00'), ('var-aveeno-baby-004-2', 'prod-aveeno-baby-004', 'AVE-ABWS-354ml', 'Aveeno Baby Wash & Shampoo - 354ml', 2400, 3000, 50, '354ml', 1, 1, 10, 5, 20, 'USA', 1440, 1440, '2025-01-15 00:00:00', '2025-01-15 00:00:00');
-- Aveeno Baby Soothing Relief Cream
INSERT OR REPLACE INTO "products" (id, name, slug, description, categoryId, price, basePrice, comparePrice, stock, isActive, hasVariants, brandId, brandName, countryOfOrigin, totalCost, averageCost, createdAt, updatedAt) VALUES ('prod-aveeno-baby-005', 'Aveeno Baby Soothing Relief Cream', 'aveeno-baby-soothing-relief-cream', 'Soothing relief cream with natural oat and dimethicone for baby''s dry, irritated skin.', 'cat-baby-cream', 2400, 2400, 3000, 50, 1, 1, 'brand-023', 'Aveeno', 'USA', 1440, 1440, '2025-01-15 00:00:00', '2025-01-15 00:00:00');
INSERT OR REPLACE INTO "product_variants" (id, productId, sku, name, price, comparePrice, stock, size, isActive, isDefault, lowStockAlert, reorderLevel, reorderQty, countryOfOrigin, totalCost, averageCost, createdAt, updatedAt) VALUES ('var-aveeno-baby-005-1', 'prod-aveeno-baby-005', 'AVE-ABSRC-140g', 'Aveeno Baby Soothing Relief Cream - 140g', 2400, 3000, 50, '140g', 1, 1, 10, 5, 20, 'USA', 1440, 1440, '2025-01-15 00:00:00', '2025-01-15 00:00:00');
-- Aveeno Baby Eczema Therapy Cream
INSERT OR REPLACE INTO "products" (id, name, slug, description, categoryId, price, basePrice, comparePrice, stock, isActive, hasVariants, brandId, brandName, countryOfOrigin, totalCost, averageCost, createdAt, updatedAt) VALUES ('prod-aveeno-baby-006', 'Aveeno Baby Eczema Therapy Cream', 'aveeno-baby-eczema-therapy-cream', 'Clinically proven eczema therapy cream for baby with natural oat extract and ceramides.', 'cat-baby-cream', 2850, 2850, 3500, 50, 1, 1, 'brand-023', 'Aveeno', 'USA', 1710, 1710, '2025-01-15 00:00:00', '2025-01-15 00:00:00');
INSERT OR REPLACE INTO "product_variants" (id, productId, sku, name, price, comparePrice, stock, size, isActive, isDefault, lowStockAlert, reorderLevel, reorderQty, countryOfOrigin, totalCost, averageCost, createdAt, updatedAt) VALUES ('var-aveeno-baby-006-1', 'prod-aveeno-baby-006', 'AVE-ABETC-141g', 'Aveeno Baby Eczema Therapy Cream - 141g', 2850, 3500, 50, '141g', 1, 1, 10, 5, 20, 'USA', 1710, 1710, '2025-01-15 00:00:00', '2025-01-15 00:00:00');
-- Aveeno Baby Eczema Therapy Night Balm
INSERT OR REPLACE INTO "products" (id, name, slug, description, categoryId, price, basePrice, comparePrice, stock, isActive, hasVariants, brandId, brandName, countryOfOrigin, totalCost, averageCost, createdAt, updatedAt) VALUES ('prod-aveeno-baby-007', 'Aveeno Baby Eczema Therapy Night Balm', 'aveeno-baby-eczema-therapy-night-balm', 'Overnight eczema therapy balm for baby with intensive moisturizing for night-time relief.', 'cat-baby-cream', 3250, 3250, 4000, 50, 1, 1, 'brand-023', 'Aveeno', 'USA', 1950, 1950, '2025-01-15 00:00:00', '2025-01-15 00:00:00');
INSERT OR REPLACE INTO "product_variants" (id, productId, sku, name, price, comparePrice, stock, size, isActive, isDefault, lowStockAlert, reorderLevel, reorderQty, countryOfOrigin, totalCost, averageCost, createdAt, updatedAt) VALUES ('var-aveeno-baby-007-1', 'prod-aveeno-baby-007', 'AVE-ABETNB-156g', 'Aveeno Baby Eczema Therapy Night Balm - 156g', 3250, 4000, 50, '156g', 1, 1, 10, 5, 20, 'USA', 1950, 1950, '2025-01-15 00:00:00', '2025-01-15 00:00:00');
-- Aveeno Baby Calming Comfort Lotion
INSERT OR REPLACE INTO "products" (id, name, slug, description, categoryId, price, basePrice, comparePrice, stock, isActive, hasVariants, brandId, brandName, countryOfOrigin, totalCost, averageCost, createdAt, updatedAt) VALUES ('prod-aveeno-baby-008', 'Aveeno Baby Calming Comfort Lotion', 'aveeno-baby-calming-comfort-lotion', 'Calming lotion with lavender and vanilla scents for baby''s bedtime routine.', 'cat-baby-lotion', 2000, 2000, 2500, 50, 1, 1, 'brand-023', 'Aveeno', 'USA', 1200, 1200, '2025-01-15 00:00:00', '2025-01-15 00:00:00');
INSERT OR REPLACE INTO "product_variants" (id, productId, sku, name, price, comparePrice, stock, size, isActive, isDefault, lowStockAlert, reorderLevel, reorderQty, countryOfOrigin, totalCost, averageCost, createdAt, updatedAt) VALUES ('var-aveeno-baby-008-1', 'prod-aveeno-baby-008', 'AVE-ABCCL-227ml', 'Aveeno Baby Calming Comfort Lotion - 227ml', 2000, 2500, 50, '227ml', 1, 1, 10, 5, 20, 'USA', 1200, 1200, '2025-01-15 00:00:00', '2025-01-15 00:00:00');
-- Aveeno Baby Calming Comfort Bath
INSERT OR REPLACE INTO "products" (id, name, slug, description, categoryId, price, basePrice, comparePrice, stock, isActive, hasVariants, brandId, brandName, countryOfOrigin, totalCost, averageCost, createdAt, updatedAt) VALUES ('prod-aveeno-baby-009', 'Aveeno Baby Calming Comfort Bath', 'aveeno-baby-calming-comfort-bath', 'Calming bubble bath with lavender and vanilla scents for a soothing baby bath experience.', 'cat-baby-wash', 2000, 2000, 2500, 50, 1, 1, 'brand-023', 'Aveeno', 'USA', 1200, 1200, '2025-01-15 00:00:00', '2025-01-15 00:00:00');
INSERT OR REPLACE INTO "product_variants" (id, productId, sku, name, price, comparePrice, stock, size, isActive, isDefault, lowStockAlert, reorderLevel, reorderQty, countryOfOrigin, totalCost, averageCost, createdAt, updatedAt) VALUES ('var-aveeno-baby-009-1', 'prod-aveeno-baby-009', 'AVE-ABCCB-236ml', 'Aveeno Baby Calming Comfort Bath - 236ml', 2000, 2500, 50, '236ml', 1, 1, 10, 5, 20, 'USA', 1200, 1200, '2025-01-15 00:00:00', '2025-01-15 00:00:00');
-- Aveeno Baby Continuous Protection SPF50
INSERT OR REPLACE INTO "products" (id, name, slug, description, categoryId, price, basePrice, comparePrice, stock, isActive, hasVariants, brandId, brandName, countryOfOrigin, totalCost, averageCost, createdAt, updatedAt) VALUES ('prod-aveeno-baby-010', 'Aveeno Baby Continuous Protection SPF50', 'aveeno-baby-continuous-protection-spf50', 'Sunscreen with SPF 50 for baby with natural oat extract. Water-resistant and tear-free.', 'cat-baby-sunscreen', 2650, 2650, 3500, 50, 1, 1, 'brand-023', 'Aveeno', 'USA', 1590, 1590, '2025-01-15 00:00:00', '2025-01-15 00:00:00');
INSERT OR REPLACE INTO "product_variants" (id, productId, sku, name, price, comparePrice, stock, size, isActive, isDefault, lowStockAlert, reorderLevel, reorderQty, countryOfOrigin, totalCost, averageCost, createdAt, updatedAt) VALUES ('var-aveeno-baby-010-1', 'prod-aveeno-baby-010', 'AVE-ABCPSF50-88ml', 'Aveeno Baby Continuous Protection SPF50 - 88ml', 2650, 3500, 50, '88ml', 1, 1, 10, 5, 20, 'USA', 1590, 1590, '2025-01-15 00:00:00', '2025-01-15 00:00:00');
-- Aveeno Baby Barrier Cream
INSERT OR REPLACE INTO "products" (id, name, slug, description, categoryId, price, basePrice, comparePrice, stock, isActive, hasVariants, brandId, brandName, countryOfOrigin, totalCost, averageCost, createdAt, updatedAt) VALUES ('prod-aveeno-baby-011', 'Aveeno Baby Barrier Cream', 'aveeno-baby-barrier-cream', 'Protective diaper rash cream with zinc oxide and natural oat extract for baby''s delicate skin.', 'cat-diaper-rash-cream', 2150, 2150, 2800, 50, 1, 1, 'brand-023', 'Aveeno', 'USA', 1290, 1290, '2025-01-15 00:00:00', '2025-01-15 00:00:00');
INSERT OR REPLACE INTO "product_variants" (id, productId, sku, name, price, comparePrice, stock, size, isActive, isDefault, lowStockAlert, reorderLevel, reorderQty, countryOfOrigin, totalCost, averageCost, createdAt, updatedAt) VALUES ('var-aveeno-baby-011-1', 'prod-aveeno-baby-011', 'AVE-ABBRC-100g', 'Aveeno Baby Barrier Cream - 100g', 2150, 2800, 50, '100g', 1, 1, 10, 5, 20, 'USA', 1290, 1290, '2025-01-15 00:00:00', '2025-01-15 00:00:00');
-- ============================================
-- CERAVE PRODUCTS
-- ============================================
-- CERAVE MOISTURIZERS
-- CeraVe Moisturizing Cream
INSERT OR REPLACE INTO "products" (id, name, slug, description, categoryId, price, basePrice, comparePrice, stock, isActive, hasVariants, brandId, brandName, countryOfOrigin, availableSizes, totalCost, averageCost, createdAt, updatedAt) VALUES ('prod-cerave-001', 'CeraVe Moisturizing Cream', 'cerave-moisturizing-cream', 'Rich cream with hyaluronic acid and essential ceramides for 24-hour hydration. Non-comedogenic and fragrance-free.', 'cat-body-cream', 3200, 3200, 5000, 50, 1, 1, 'brand-063', 'CeraVe', 'USA', '["50ml","177ml","340g","454g","539g"]', 1920, 1920, '2025-01-15 00:00:00', '2025-01-15 00:00:00');
INSERT OR REPLACE INTO "product_variants" (id, productId, sku, name, price, comparePrice, stock, size, isActive, isDefault, lowStockAlert, reorderLevel, reorderQty, countryOfOrigin, totalCost, averageCost, createdAt, updatedAt) VALUES ('var-cerave-001-1', 'prod-cerave-001', 'CEV-CMC-50ml', 'CeraVe Moisturizing Cream - 50ml', 1100, 1400, 50, '50ml', 1, 0, 10, 5, 20, 'USA', 660, 660, '2025-01-15 00:00:00', '2025-01-15 00:00:00'), ('var-cerave-001-2', 'prod-cerave-001', 'CEV-CMC-177ml', 'CeraVe Moisturizing Cream - 177ml', 2300, 2800, 50, '177ml', 1, 0, 10, 5, 20, 'USA', 1380, 1380, '2025-01-15 00:00:00', '2025-01-15 00:00:00'), ('var-cerave-001-3', 'prod-cerave-001', 'CEV-CMC-340g', 'CeraVe Moisturizing Cream - 340g', 3500, 4200, 50, '340g', 1, 0, 10, 5, 20, 'USA', 2100, 2100, '2025-01-15 00:00:00', '2025-01-15 00:00:00'), ('var-cerave-001-4', 'prod-cerave-001', 'CEV-CMC-454g', 'CeraVe Moisturizing Cream - 454g', 4100, 5000, 50, '454g', 1, 1, 10, 5, 20, 'USA', 2460, 2460, '2025-01-15 00:00:00', '2025-01-15 00:00:00'), ('var-cerave-001-5', 'prod-cerave-001', 'CEV-CMC-539g', 'CeraVe Moisturizing Cream - 539g', 4500, 5500, 50, '539g', 1, 0, 10, 5, 20, 'USA', 2700, 2700, '2025-01-15 00:00:00', '2025-01-15 00:00:00');
-- CeraVe Moisturizing Lotion
INSERT OR REPLACE INTO "products" (id, name, slug, description, categoryId, price, basePrice, comparePrice, stock, isActive, hasVariants, brandId, brandName, countryOfOrigin, availableSizes, totalCost, averageCost, createdAt, updatedAt) VALUES ('prod-cerave-002', 'CeraVe Moisturizing Lotion', 'cerave-moisturizing-lotion', 'Lightweight lotion with hyaluronic acid and three essential ceramides for all-day hydration.', 'cat-body-lotion', 3650, 3650, 5200, 50, 1, 1, 'brand-063', 'CeraVe', 'USA', '["236ml","355ml","473ml"]', 2190, 2190, '2025-01-15 00:00:00', '2025-01-15 00:00:00');
INSERT OR REPLACE INTO "product_variants" (id, productId, sku, name, price, comparePrice, stock, size, isActive, isDefault, lowStockAlert, reorderLevel, reorderQty, countryOfOrigin, totalCost, averageCost, createdAt, updatedAt) VALUES ('var-cerave-002-1', 'prod-cerave-002', 'CEV-CML-236ml', 'CeraVe Moisturizing Lotion - 236ml', 2400, 3000, 50, '236ml', 1, 0, 10, 5, 20, 'USA', 1440, 1440, '2025-01-15 00:00:00', '2025-01-15 00:00:00'), ('var-cerave-002-2', 'prod-cerave-002', 'CEV-CML-355ml', 'CeraVe Moisturizing Lotion - 355ml', 3650, 4500, 50, '355ml', 1, 1, 10, 5, 20, 'USA', 2190, 2190, '2025-01-15 00:00:00', '2025-01-15 00:00:00'), ('var-cerave-002-3', 'prod-cerave-002', 'CEV-CML-473ml', 'CeraVe Moisturizing Lotion - 473ml', 4200, 5200, 50, '473ml', 1, 0, 10, 5, 20, 'USA', 2520, 2520, '2025-01-15 00:00:00', '2025-01-15 00:00:00');
-- CeraVe Daily Moisturizing Lotion
INSERT OR REPLACE INTO "products" (id, name, slug, description, categoryId, price, basePrice, comparePrice, stock, isActive, hasVariants, brandId, brandName, countryOfOrigin, availableSizes, totalCost, averageCost, createdAt, updatedAt) VALUES ('prod-cerave-003', 'CeraVe Daily Moisturizing Lotion', 'cerave-daily-moisturizing-lotion', 'Daily moisturizing lotion formulated with MVE technology for controlled release of ingredients over 24 hours.', 'cat-body-lotion', 3900, 3900, 4800, 50, 1, 1, 'brand-063', 'CeraVe', 'USA', '["236ml","355ml"]', 2340, 2340, '2025-01-15 00:00:00', '2025-01-15 00:00:00');
INSERT OR REPLACE INTO "product_variants" (id, productId, sku, name, price, comparePrice, stock, size, isActive, isDefault, lowStockAlert, reorderLevel, reorderQty, countryOfOrigin, totalCost, averageCost, createdAt, updatedAt) VALUES ('var-cerave-003-1', 'prod-cerave-003', 'CEV-CDML-236ml', 'CeraVe Daily Moisturizing Lotion - 236ml', 2600, 3200, 50, '236ml', 1, 0, 10, 5, 20, 'USA', 1560, 1560, '2025-01-15 00:00:00', '2025-01-15 00:00:00'), ('var-cerave-003-2', 'prod-cerave-003', 'CEV-CDML-355ml', 'CeraVe Daily Moisturizing Lotion - 355ml', 3900, 4800, 50, '355ml', 1, 1, 10, 5, 20, 'USA', 2340, 2340, '2025-01-15 00:00:00', '2025-01-15 00:00:00');
-- CERAVE CLEANSERS
-- CeraVe Hydrating Cleanser
INSERT OR REPLACE INTO "products" (id, name, slug, description, categoryId, price, basePrice, comparePrice, stock, isActive, hasVariants, brandId, brandName, countryOfOrigin, availableSizes, totalCost, averageCost, createdAt, updatedAt) VALUES ('prod-cerave-004', 'CeraVe Hydrating Cleanser', 'cerave-hydrating-cleanser', 'Gentle, hydrating cleanser with hyaluronic acid and ceramides for normal to dry skin.', 'cat-cleanser', 4500, 4500, 5500, 50, 1, 1, 'brand-063', 'CeraVe', 'USA', '["236ml","473ml","562ml"]', 2700, 2700, '2025-01-15 00:00:00', '2025-01-15 00:00:00');
INSERT OR REPLACE INTO "product_variants" (id, productId, sku, name, price, comparePrice, stock, size, isActive, isDefault, lowStockAlert, reorderLevel, reorderQty, countryOfOrigin, totalCost, averageCost, createdAt, updatedAt) VALUES ('var-cerave-004-1', 'prod-cerave-004', 'CEV-CHC-236ml', 'CeraVe Hydrating Cleanser - 236ml', 2400, 3000, 50, '236ml', 1, 0, 10, 5, 20, 'USA', 1440, 1440, '2025-01-15 00:00:00', '2025-01-15 00:00:00'), ('var-cerave-004-2', 'prod-cerave-004', 'CEV-CHC-473ml', 'CeraVe Hydrating Cleanser - 473ml', 4100, 5000, 50, '473ml', 1, 0, 10, 5, 20, 'USA', 2460, 2460, '2025-01-15 00:00:00', '2025-01-15 00:00:00'), ('var-cerave-004-3', 'prod-cerave-004', 'CEV-CHC-562ml', 'CeraVe Hydrating Cleanser - 562ml', 4500, 5500, 50, '562ml', 1, 1, 10, 5, 20, 'USA', 2700, 2700, '2025-01-15 00:00:00', '2025-01-15 00:00:00');
-- CeraVe Foaming Cleanser
INSERT OR REPLACE INTO "products" (id, name, slug, description, categoryId, price, basePrice, comparePrice, stock, isActive, hasVariants, brandId, brandName, countryOfOrigin, availableSizes, totalCost, averageCost, createdAt, updatedAt) VALUES ('prod-cerave-005', 'CeraVe Foaming Cleanser', 'cerave-foaming-cleanser', 'Foaming cleanser that deep cleans without disrupting the skin barrier. Ideal for normal to oily skin.', 'cat-face-wash', 4550, 4550, 5600, 50, 1, 1, 'brand-063', 'CeraVe', 'USA', '["236ml","473ml","562ml"]', 2730, 2730, '2025-01-15 00:00:00', '2025-01-15 00:00:00');
INSERT OR REPLACE INTO "product_variants" (id, productId, sku, name, price, comparePrice, stock, size, isActive, isDefault, lowStockAlert, reorderLevel, reorderQty, countryOfOrigin, totalCost, averageCost, createdAt, updatedAt) VALUES ('var-cerave-005-1', 'prod-cerave-005', 'CEV-CFC-236ml', 'CeraVe Foaming Cleanser - 236ml', 2500, 3200, 50, '236ml', 1, 0, 10, 5, 20, 'USA', 1500, 1500, '2025-01-15 00:00:00', '2025-01-15 00:00:00'), ('var-cerave-005-2', 'prod-cerave-005', 'CEV-CFC-473ml', 'CeraVe Foaming Cleanser - 473ml', 4200, 5200, 50, '473ml', 1, 0, 10, 5, 20, 'USA', 2520, 2520, '2025-01-15 00:00:00', '2025-01-15 00:00:00'), ('var-cerave-005-3', 'prod-cerave-005', 'CEV-CFC-562ml', 'CeraVe Foaming Cleanser - 562ml', 4550, 5600, 50, '562ml', 1, 1, 10, 5, 20, 'USA', 2730, 2730, '2025-01-15 00:00:00', '2025-01-15 00:00:00');
-- CeraVe SA Smoothing Cleanser
INSERT OR REPLACE INTO "products" (id, name, slug, description, categoryId, price, basePrice, comparePrice, stock, isActive, hasVariants, brandId, brandName, countryOfOrigin, availableSizes, totalCost, averageCost, createdAt, updatedAt) VALUES ('prod-cerave-006', 'CeraVe SA Smoothing Cleanser', 'cerave-sa-smoothing-cleanser', 'Exfoliating cleanser with salicylic acid and ceramides for rough and bumpy skin.', 'cat-cleanser', 5000, 5000, 6200, 50, 1, 1, 'brand-063', 'CeraVe', 'USA', '["236ml","473ml"]', 3000, 3000, '2025-01-15 00:00:00', '2025-01-15 00:00:00');
INSERT OR REPLACE INTO "product_variants" (id, productId, sku, name, price, comparePrice, stock, size, isActive, isDefault, lowStockAlert, reorderLevel, reorderQty, countryOfOrigin, totalCost, averageCost, createdAt, updatedAt) VALUES ('var-cerave-006-1', 'prod-cerave-006', 'CEV-CSASC-236ml', 'CeraVe SA Smoothing Cleanser - 236ml', 3000, 3800, 50, '236ml', 1, 0, 10, 5, 20, 'USA', 1800, 1800, '2025-01-15 00:00:00', '2025-01-15 00:00:00'), ('var-cerave-006-2', 'prod-cerave-006', 'CEV-CSASC-473ml', 'CeraVe SA Smoothing Cleanser - 473ml', 5000, 6200, 50, '473ml', 1, 1, 10, 5, 20, 'USA', 3000, 3000, '2025-01-15 00:00:00', '2025-01-15 00:00:00');
-- CeraVe Hydrating Foaming Oil Cleanser
INSERT OR REPLACE INTO "products" (id, name, slug, description, categoryId, price, basePrice, comparePrice, stock, isActive, hasVariants, brandId, brandName, countryOfOrigin, availableSizes, totalCost, averageCost, createdAt, updatedAt) VALUES ('prod-cerave-007', 'CeraVe Hydrating Foaming Oil Cleanser', 'cerave-hydrating-foaming-oil-cleanser', 'Hydrating oil cleanser that removes makeup while nourishing skin with ceramides and jojoba oil.', 'cat-cleanser', 5000, 5000, 6200, 50, 1, 1, 'brand-063', 'CeraVe', 'USA', '["236ml","473ml"]', 3000, 3000, '2025-01-15 00:00:00', '2025-01-15 00:00:00');
INSERT OR REPLACE INTO "product_variants" (id, productId, sku, name, price, comparePrice, stock, size, isActive, isDefault, lowStockAlert, reorderLevel, reorderQty, countryOfOrigin, totalCost, averageCost, createdAt, updatedAt) VALUES ('var-cerave-007-1', 'prod-cerave-007', 'CEV-CHFOC-236ml', 'CeraVe Hydrating Foaming Oil Cleanser - 236ml', 3000, 3800, 50, '236ml', 1, 0, 10, 5, 20, 'USA', 1800, 1800, '2025-01-15 00:00:00', '2025-01-15 00:00:00'), ('var-cerave-007-2', 'prod-cerave-007', 'CEV-CHFOC-473ml', 'CeraVe Hydrating Foaming Oil Cleanser - 473ml', 5000, 6200, 50, '473ml', 1, 1, 10, 5, 20, 'USA', 3000, 3000, '2025-01-15 00:00:00', '2025-01-15 00:00:00');
-- CeraVe Acne Control Cleanser
INSERT OR REPLACE INTO "products" (id, name, slug, description, categoryId, price, basePrice, comparePrice, stock, isActive, hasVariants, brandId, brandName, countryOfOrigin, totalCost, averageCost, createdAt, updatedAt) VALUES ('prod-cerave-008', 'CeraVe Acne Control Cleanser', 'cerave-acne-control-cleanser', 'Acne control cleanser with benzoyl peroxide and ceramides to treat acne and prevent future breakouts.', 'cat-cleanser', 3200, 3200, 4200, 50, 1, 1, 'brand-063', 'CeraVe', 'USA', 1920, 1920, '2025-01-15 00:00:00', '2025-01-15 00:00:00');
INSERT OR REPLACE INTO "product_variants" (id, productId, sku, name, price, comparePrice, stock, size, isActive, isDefault, lowStockAlert, reorderLevel, reorderQty, countryOfOrigin, totalCost, averageCost, createdAt, updatedAt) VALUES ('var-cerave-008-1', 'prod-cerave-008', 'CEV-CACC-237ml', 'CeraVe Acne Control Cleanser - 237ml', 3200, 4200, 50, '237ml', 1, 1, 10, 5, 20, 'USA', 1920, 1920, '2025-01-15 00:00:00', '2025-01-15 00:00:00');
-- CeraVe Blemish Control Cleanser
INSERT OR REPLACE INTO "products" (id, name, slug, description, categoryId, price, basePrice, comparePrice, stock, isActive, hasVariants, brandId, brandName, countryOfOrigin, totalCost, averageCost, createdAt, updatedAt) VALUES ('prod-cerave-009', 'CeraVe Blemish Control Cleanser', 'cerave-blemish-control-cleanser', 'Blemish control cleanser with niacinamide and ceramides to reduce blemishes and improve skin tone.', 'cat-cleanser', 3200, 3200, 4200, 50, 1, 1, 'brand-063', 'CeraVe', 'USA', 1920, 1920, '2025-01-15 00:00:00', '2025-01-15 00:00:00');
INSERT OR REPLACE INTO "product_variants" (id, productId, sku, name, price, comparePrice, stock, size, isActive, isDefault, lowStockAlert, reorderLevel, reorderQty, countryOfOrigin, totalCost, averageCost, createdAt, updatedAt) VALUES ('var-cerave-009-1', 'prod-cerave-009', 'CEV-CBCC-236ml', 'CeraVe Blemish Control Cleanser - 236ml', 3200, 4200, 50, '236ml', 1, 1, 10, 5, 20, 'USA', 1920, 1920, '2025-01-15 00:00:00', '2025-01-15 00:00:00');
-- CERAVE FACE MOISTURIZERS
-- CeraVe PM Facial Moisturizing Lotion
INSERT OR REPLACE INTO "products" (id, name, slug, description, categoryId, price, basePrice, comparePrice, stock, isActive, hasVariants, brandId, brandName, countryOfOrigin, totalCost, averageCost, createdAt, updatedAt) VALUES ('prod-cerave-010', 'CeraVe PM Facial Moisturizing Lotion', 'cerave-pm-facial-moisturizing-lotion', 'Night cream with niacinamide and ceramides for overnight skin repair and hydration.', 'cat-night-cream', 3200, 3200, 4200, 50, 1, 1, 'brand-063', 'CeraVe', 'USA', 1920, 1920, '2025-01-15 00:00:00', '2025-01-15 00:00:00');
INSERT OR REPLACE INTO "product_variants" (id, productId, sku, name, price, comparePrice, stock, size, isActive, isDefault, lowStockAlert, reorderLevel, reorderQty, countryOfOrigin, totalCost, averageCost, createdAt, updatedAt) VALUES ('var-cerave-010-1', 'prod-cerave-010', 'CEV-CPFML-52ml', 'CeraVe PM Facial Moisturizing Lotion - 52ml', 3200, 4200, 50, '52ml', 1, 1, 10, 5, 20, 'USA', 1920, 1920, '2025-01-15 00:00:00', '2025-01-15 00:00:00');
-- CeraVe AM Facial Moisturizing Lotion SPF30
INSERT OR REPLACE INTO "products" (id, name, slug, description, categoryId, price, basePrice, comparePrice, stock, isActive, hasVariants, brandId, brandName, countryOfOrigin, totalCost, averageCost, createdAt, updatedAt) VALUES ('prod-cerave-011', 'CeraVe AM Facial Moisturizing Lotion SPF30', 'cerave-am-facial-moisturizing-lotion-spf30', 'Daily facial moisturizer with SPF30, niacinamide, and ceramides for sun protection and hydration.', 'cat-day-cream', 3500, 3500, 4500, 50, 1, 1, 'brand-063', 'CeraVe', 'USA', 2100, 2100, '2025-01-15 00:00:00', '2025-01-15 00:00:00');
INSERT OR REPLACE INTO "product_variants" (id, productId, sku, name, price, comparePrice, stock, size, isActive, isDefault, lowStockAlert, reorderLevel, reorderQty, countryOfOrigin, totalCost, averageCost, createdAt, updatedAt) VALUES ('var-cerave-011-1', 'prod-cerave-011', 'CEV-CAFMSPF30-89ml', 'CeraVe AM Facial Moisturizing Lotion SPF30 - 89ml', 3500, 4500, 50, '89ml', 1, 1, 10, 5, 20, 'USA', 2100, 2100, '2025-01-15 00:00:00', '2025-01-15 00:00:00');
-- CeraVe Facial Moisturizing Lotion SPF50
INSERT OR REPLACE INTO "products" (id, name, slug, description, categoryId, price, basePrice, comparePrice, stock, isActive, hasVariants, brandId, brandName, countryOfOrigin, totalCost, averageCost, createdAt, updatedAt) VALUES ('prod-cerave-012', 'CeraVe Facial Moisturizing Lotion SPF50', 'cerave-facial-moisturizing-lotion-spf50', 'Facial moisturizer with SPF50, niacinamide, and ceramides for high sun protection and hydration.', 'cat-moisturizer', 3650, 3650, 4800, 50, 1, 1, 'brand-063', 'CeraVe', 'USA', 2190, 2190, '2025-01-15 00:00:00', '2025-01-15 00:00:00');
INSERT OR REPLACE INTO "product_variants" (id, productId, sku, name, price, comparePrice, stock, size, isActive, isDefault, lowStockAlert, reorderLevel, reorderQty, countryOfOrigin, totalCost, averageCost, createdAt, updatedAt) VALUES ('var-cerave-012-1', 'prod-cerave-012', 'CEV-CFMLSPF50-52ml', 'CeraVe Facial Moisturizing Lotion SPF50 - 52ml', 3650, 4800, 50, '52ml', 1, 1, 10, 5, 20, 'USA', 2190, 2190, '2025-01-15 00:00:00', '2025-01-15 00:00:00');
-- CeraVe Moisturizing Cream Tube
INSERT OR REPLACE INTO "products" (id, name, slug, description, categoryId, price, basePrice, comparePrice, stock, isActive, hasVariants, brandId, brandName, countryOfOrigin, totalCost, averageCost, createdAt, updatedAt) VALUES ('prod-cerave-013', 'CeraVe Moisturizing Cream Tube', 'cerave-moisturizing-cream-tube', 'Convenient tube format of the classic moisturizing cream for on-the-go hydration.', 'cat-moisturizer', 1100, 1100, 1400, 50, 1, 1, 'brand-063', 'CeraVe', 'USA', 660, 660, '2025-01-15 00:00:00', '2025-01-15 00:00:00');
INSERT OR REPLACE INTO "product_variants" (id, productId, sku, name, price, comparePrice, stock, size, isActive, isDefault, lowStockAlert, reorderLevel, reorderQty, countryOfOrigin, totalCost, averageCost, createdAt, updatedAt) VALUES ('var-cerave-013-1', 'prod-cerave-013', 'CEV-CMCT-50ml', 'CeraVe Moisturizing Cream Tube - 50ml', 1100, 1400, 50, '50ml', 1, 1, 10, 5, 20, 'USA', 660, 660, '2025-01-15 00:00:00', '2025-01-15 00:00:00');
-- CeraVe Eye Repair Cream
INSERT OR REPLACE INTO "products" (id, name, slug, description, categoryId, price, basePrice, comparePrice, stock, isActive, hasVariants, brandId, brandName, countryOfOrigin, totalCost, averageCost, createdAt, updatedAt) VALUES ('prod-cerave-014', 'CeraVe Eye Repair Cream', 'cerave-eye-repair-cream', 'Eye cream with ceramides and niacinamide to reduce puffiness and dark circles.', 'cat-eye-cream', 2500, 2500, 3200, 50, 1, 1, 'brand-063', 'CeraVe', 'USA', 1500, 1500, '2025-01-15 00:00:00', '2025-01-15 00:00:00');
INSERT OR REPLACE INTO "product_variants" (id, productId, sku, name, price, comparePrice, stock, size, isActive, isDefault, lowStockAlert, reorderLevel, reorderQty, countryOfOrigin, totalCost, averageCost, createdAt, updatedAt) VALUES ('var-cerave-014-1', 'prod-cerave-014', 'CEV-CERC-14ml', 'CeraVe Eye Repair Cream - 14ml', 2500, 3200, 50, '14ml', 1, 1, 10, 5, 20, 'USA', 1500, 1500, '2025-01-15 00:00:00', '2025-01-15 00:00:00');
-- CeraVe Healing Ointment
INSERT OR REPLACE INTO "products" (id, name, slug, description, categoryId, price, basePrice, comparePrice, stock, isActive, hasVariants, brandId, brandName, countryOfOrigin, availableSizes, totalCost, averageCost, createdAt, updatedAt) VALUES ('prod-cerave-015', 'CeraVe Healing Ointment', 'cerave-healing-ointment', 'Protective ointment with ceramides for dry, cracked skin. Cuts, scrapes, and burns.', 'cat-body-cream', 4750, 4750, 6000, 50, 1, 1, 'brand-063', 'CeraVe', 'USA', '["85g","340g"]', 2850, 2850, '2025-01-15 00:00:00', '2025-01-15 00:00:00');
INSERT OR REPLACE INTO "product_variants" (id, productId, sku, name, price, comparePrice, stock, size, isActive, isDefault, lowStockAlert, reorderLevel, reorderQty, countryOfOrigin, totalCost, averageCost, createdAt, updatedAt) VALUES ('var-cerave-015-1', 'prod-cerave-015', 'CEV-CHO-85g', 'CeraVe Healing Ointment - 85g', 2500, 3200, 50, '85g', 1, 0, 10, 5, 20, 'USA', 1500, 1500, '2025-01-15 00:00:00', '2025-01-15 00:00:00'), ('var-cerave-015-2', 'prod-cerave-015', 'CEV-CHO-340g', 'CeraVe Healing Ointment - 340g', 4750, 6000, 50, '340g', 1, 1, 10, 5, 20, 'USA', 2850, 2850, '2025-01-15 00:00:00', '2025-01-15 00:00:00');
-- CERAVE SERUMS & TREATMENTS
-- CeraVe Hydrating Hyaluronic Acid Serum
INSERT OR REPLACE INTO "products" (id, name, slug, description, categoryId, price, basePrice, comparePrice, stock, isActive, hasVariants, brandId, brandName, countryOfOrigin, totalCost, averageCost, createdAt, updatedAt) VALUES ('prod-cerave-016', 'CeraVe Hydrating Hyaluronic Acid Serum', 'cerave-hydrating-hyaluronic-acid-serum', 'Hydrating serum with hyaluronic acid and ceramides for plump, hydrated skin.', 'cat-serum', 3500, 3500, 4500, 50, 1, 1, 'brand-063', 'CeraVe', 'USA', 2100, 2100, '2025-01-15 00:00:00', '2025-01-15 00:00:00');
INSERT OR REPLACE INTO "product_variants" (id, productId, sku, name, price, comparePrice, stock, size, isActive, isDefault, lowStockAlert, reorderLevel, reorderQty, countryOfOrigin, totalCost, averageCost, createdAt, updatedAt) VALUES ('var-cerave-016-1', 'prod-cerave-016', 'CEV-CHHAS-30ml', 'CeraVe Hydrating Hyaluronic Acid Serum - 30ml', 3500, 4500, 50, '30ml', 1, 1, 10, 5, 20, 'USA', 2100, 2100, '2025-01-15 00:00:00', '2025-01-15 00:00:00');
-- CeraVe Resurfacing Retinol Serum
INSERT OR REPLACE INTO "products" (id, name, slug, description, categoryId, price, basePrice, comparePrice, stock, isActive, hasVariants, brandId, brandName, countryOfOrigin, totalCost, averageCost, createdAt, updatedAt) VALUES ('prod-cerave-017', 'CeraVe Resurfacing Retinol Serum', 'cerave-resurfacing-retinol-serum', 'Anti-aging serum with encapsulated retinol and ceramides to improve skin texture and reduce fine lines.', 'cat-serum', 3900, 3900, 5000, 50, 1, 1, 'brand-063', 'CeraVe', 'USA', 2340, 2340, '2025-01-15 00:00:00', '2025-01-15 00:00:00');
INSERT OR REPLACE INTO "product_variants" (id, productId, sku, name, price, comparePrice, stock, size, isActive, isDefault, lowStockAlert, reorderLevel, reorderQty, countryOfOrigin, totalCost, averageCost, createdAt, updatedAt) VALUES ('var-cerave-017-1', 'prod-cerave-017', 'CEV-CRRS-30ml', 'CeraVe Resurfacing Retinol Serum - 30ml', 3900, 5000, 50, '30ml', 1, 1, 10, 5, 20, 'USA', 2340, 2340, '2025-01-15 00:00:00', '2025-01-15 00:00:00');
-- CeraVe Skin Renewing Retinol Serum
INSERT OR REPLACE INTO "products" (id, name, slug, description, categoryId, price, basePrice, comparePrice, stock, isActive, hasVariants, brandId, brandName, countryOfOrigin, totalCost, averageCost, createdAt, updatedAt) VALUES ('prod-cerave-018', 'CeraVe Skin Renewing Retinol Serum', 'cerave-skin-renewing-retinol-serum', 'Skin-renewing serum with retinol and ceramides for smoother, more youthful-looking skin.', 'cat-serum', 4000, 4000, 5200, 50, 1, 1, 'brand-063', 'CeraVe', 'USA', 2400, 2400, '2025-01-15 00:00:00', '2025-01-15 00:00:00');
INSERT OR REPLACE INTO "product_variants" (id, productId, sku, name, price, comparePrice, stock, size, isActive, isDefault, lowStockAlert, reorderLevel, reorderQty, countryOfOrigin, totalCost, averageCost, createdAt, updatedAt) VALUES ('var-cerave-018-1', 'prod-cerave-018', 'CEV-CSRRS-30ml', 'CeraVe Skin Renewing Retinol Serum - 30ml', 4000, 5200, 50, '30ml', 1, 1, 10, 5, 20, 'USA', 2400, 2400, '2025-01-15 00:00:00', '2025-01-15 00:00:00');
-- CeraVe Vitamin C Serum
INSERT OR REPLACE INTO "products" (id, name, slug, description, categoryId, price, basePrice, comparePrice, stock, isActive, hasVariants, brandId, brandName, countryOfOrigin, totalCost, averageCost, createdAt, updatedAt) VALUES ('prod-cerave-019', 'CeraVe Vitamin C Serum', 'cerave-vitamin-c-serum', 'Brightening serum with 10% pure vitamin C and ceramides for radiant, even-toned skin.', 'cat-serum', 4000, 4000, 5200, 50, 1, 1, 'brand-063', 'CeraVe', 'USA', 2400, 2400, '2025-01-15 00:00:00', '2025-01-15 00:00:00');
INSERT OR REPLACE INTO "product_variants" (id, productId, sku, name, price, comparePrice, stock, size, isActive, isDefault, lowStockAlert, reorderLevel, reorderQty, countryOfOrigin, totalCost, averageCost, createdAt, updatedAt) VALUES ('var-cerave-019-1', 'prod-cerave-019', 'CEV-CVCS-30ml', 'CeraVe Vitamin C Serum - 30ml', 4000, 5200, 50, '30ml', 1, 1, 10, 5, 20, 'USA', 2400, 2400, '2025-01-15 00:00:00', '2025-01-15 00:00:00');
-- CeraVe Acne Control Gel
INSERT OR REPLACE INTO "products" (id, name, slug, description, categoryId, price, basePrice, comparePrice, stock, isActive, hasVariants, brandId, brandName, countryOfOrigin, totalCost, averageCost, createdAt, updatedAt) VALUES ('prod-cerave-020', 'CeraVe Acne Control Gel', 'cerave-acne-control-gel', 'Acne treatment gel with 2% salicylic acid and ceramides to treat acne and prevent future breakouts.', 'cat-serum', 3500, 3500, 4500, 50, 1, 1, 'brand-063', 'CeraVe', 'USA', 2100, 2100, '2025-01-15 00:00:00', '2025-01-15 00:00:00');
INSERT OR REPLACE INTO "product_variants" (id, productId, sku, name, price, comparePrice, stock, size, isActive, isDefault, lowStockAlert, reorderLevel, reorderQty, countryOfOrigin, totalCost, averageCost, createdAt, updatedAt) VALUES ('var-cerave-020-1', 'prod-cerave-020', 'CEV-CACG-40ml', 'CeraVe Acne Control Gel - 40ml', 3500, 4500, 50, '40ml', 1, 1, 10, 5, 20, 'USA', 2100, 2100, '2025-01-15 00:00:00', '2025-01-15 00:00:00');
-- CeraVe Blemish Control Gel
INSERT OR REPLACE INTO "products" (id, name, slug, description, categoryId, price, basePrice, comparePrice, stock, isActive, hasVariants, brandId, brandName, countryOfOrigin, totalCost, averageCost, createdAt, updatedAt) VALUES ('prod-cerave-021', 'CeraVe Blemish Control Gel', 'cerave-blemish-control-gel', 'Blemish control gel with niacinamide and ceramides to reduce blemishes and improve skin tone.', 'cat-serum', 3500, 3500, 4500, 50, 1, 1, 'brand-063', 'CeraVe', 'USA', 2100, 2100, '2025-01-15 00:00:00', '2025-01-15 00:00:00');
INSERT OR REPLACE INTO "product_variants" (id, productId, sku, name, price, comparePrice, stock, size, isActive, isDefault, lowStockAlert, reorderLevel, reorderQty, countryOfOrigin, totalCost, averageCost, createdAt, updatedAt) VALUES ('var-cerave-021-1', 'prod-cerave-021', 'CEV-CBCG-40ml', 'CeraVe Blemish Control Gel - 40ml', 3500, 4500, 50, '40ml', 1, 1, 10, 5, 20, 'USA', 2100, 2100, '2025-01-15 00:00:00', '2025-01-15 00:00:00');
-- CERAVE SA COLLECTION
-- CeraVe SA Smoothing Cream
INSERT OR REPLACE INTO "products" (id, name, slug, description, categoryId, price, basePrice, comparePrice, stock, isActive, hasVariants, brandId, brandName, countryOfOrigin, availableSizes, totalCost, averageCost, createdAt, updatedAt) VALUES ('prod-cerave-022', 'CeraVe SA Smoothing Cream', 'cerave-sa-smoothing-cream', 'Exfoliating cream with salicylic acid and ceramides for rough and bumpy skin relief.', 'cat-body-cream', 4650, 4650, 5800, 50, 1, 1, 'brand-063', 'CeraVe', 'USA', '["177ml","340g"]', 2790, 2790, '2025-01-15 00:00:00', '2025-01-15 00:00:00');
INSERT OR REPLACE INTO "product_variants" (id, productId, sku, name, price, comparePrice, stock, size, isActive, isDefault, lowStockAlert, reorderLevel, reorderQty, countryOfOrigin, totalCost, averageCost, createdAt, updatedAt) VALUES ('var-cerave-022-1', 'prod-cerave-022', 'CEV-CSASC2-177ml', 'CeraVe SA Smoothing Cream - 177ml', 3000, 3800, 50, '177ml', 1, 0, 10, 5, 20, 'USA', 1800, 1800, '2025-01-15 00:00:00', '2025-01-15 00:00:00'), ('var-cerave-022-2', 'prod-cerave-022', 'CEV-CSASC2-340g', 'CeraVe SA Smoothing Cream - 340g', 4650, 5800, 50, '340g', 1, 1, 10, 5, 20, 'USA', 2790, 2790, '2025-01-15 00:00:00', '2025-01-15 00:00:00');
-- CeraVe SA Lotion
INSERT OR REPLACE INTO "products" (id, name, slug, description, categoryId, price, basePrice, comparePrice, stock, isActive, hasVariants, brandId, brandName, countryOfOrigin, availableSizes, totalCost, averageCost, createdAt, updatedAt) VALUES ('prod-cerave-023', 'CeraVe SA Lotion', 'cerave-sa-lotion', 'Exfoliating lotion with salicylic acid and ceramides for rough and bumpy skin.', 'cat-body-lotion', 5350, 5350, 6500, 50, 1, 1, 'brand-063', 'CeraVe', 'USA', '["236ml","473ml"]', 3210, 3210, '2025-01-15 00:00:00', '2025-01-15 00:00:00');
INSERT OR REPLACE INTO "product_variants" (id, productId, sku, name, price, comparePrice, stock, size, isActive, isDefault, lowStockAlert, reorderLevel, reorderQty, countryOfOrigin, totalCost, averageCost, createdAt, updatedAt) VALUES ('var-cerave-023-1', 'prod-cerave-023', 'CEV-CSAL-236ml', 'CeraVe SA Lotion - 236ml', 3350, 4200, 50, '236ml', 1, 0, 10, 5, 20, 'USA', 2010, 2010, '2025-01-15 00:00:00', '2025-01-15 00:00:00'), ('var-cerave-023-2', 'prod-cerave-023', 'CEV-CSAL-473ml', 'CeraVe SA Lotion - 473ml', 5350, 6500, 50, '473ml', 1, 1, 10, 5, 20, 'USA', 3210, 3210, '2025-01-15 00:00:00', '2025-01-15 00:00:00');
-- CERAVE BABY
-- CeraVe Baby Moisturizing Lotion
INSERT OR REPLACE INTO "products" (id, name, slug, description, categoryId, price, basePrice, comparePrice, stock, isActive, hasVariants, brandId, brandName, countryOfOrigin, totalCost, averageCost, createdAt, updatedAt) VALUES ('prod-cerave-024', 'CeraVe Baby Moisturizing Lotion', 'cerave-baby-moisturizing-lotion', 'Baby moisturizing lotion with ceramides and vitamins for gentle, long-lasting hydration.', 'cat-baby-lotion', 3000, 3000, 3800, 50, 1, 1, 'brand-063', 'CeraVe', 'USA', 1800, 1800, '2025-01-15 00:00:00', '2025-01-15 00:00:00');
INSERT OR REPLACE INTO "product_variants" (id, productId, sku, name, price, comparePrice, stock, size, isActive, isDefault, lowStockAlert, reorderLevel, reorderQty, countryOfOrigin, totalCost, averageCost, createdAt, updatedAt) VALUES ('var-cerave-024-1', 'prod-cerave-024', 'CEV-CBML-237ml', 'CeraVe Baby Moisturizing Lotion - 237ml', 3000, 3800, 50, '237ml', 1, 1, 10, 5, 20, 'USA', 1800, 1800, '2025-01-15 00:00:00', '2025-01-15 00:00:00');
-- CeraVe Baby Wash & Shampoo
INSERT OR REPLACE INTO "products" (id, name, slug, description, categoryId, price, basePrice, comparePrice, stock, isActive, hasVariants, brandId, brandName, countryOfOrigin, totalCost, averageCost, createdAt, updatedAt) VALUES ('prod-cerave-025', 'CeraVe Baby Wash & Shampoo', 'cerave-baby-wash-shampoo', 'Tear-free baby wash and shampoo with ceramides and vitamins for gentle cleansing.', 'cat-baby-wash', 3000, 3000, 3800, 50, 1, 1, 'brand-063', 'CeraVe', 'USA', 1800, 1800, '2025-01-15 00:00:00', '2025-01-15 00:00:00');
INSERT OR REPLACE INTO "product_variants" (id, productId, sku, name, price, comparePrice, stock, size, isActive, isDefault, lowStockAlert, reorderLevel, reorderQty, countryOfOrigin, totalCost, averageCost, createdAt, updatedAt) VALUES ('var-cerave-025-1', 'prod-cerave-025', 'CEV-CBWS-237ml', 'CeraVe Baby Wash & Shampoo - 237ml', 3000, 3800, 50, '237ml', 1, 1, 10, 5, 20, 'USA', 1800, 1800, '2025-01-15 00:00:00', '2025-01-15 00:00:00');
-- CeraVe Baby Healing Ointment
INSERT OR REPLACE INTO "products" (id, name, slug, description, categoryId, price, basePrice, comparePrice, stock, isActive, hasVariants, brandId, brandName, countryOfOrigin, totalCost, averageCost, createdAt, updatedAt) VALUES ('prod-cerave-026', 'CeraVe Baby Healing Ointment', 'cerave-baby-healing-ointment', 'Baby healing ointment with ceramides for diaper rash and minor skin irritations.', 'cat-diaper-rash-cream', 2500, 2500, 3200, 50, 1, 1, 'brand-063', 'CeraVe', 'USA', 1500, 1500, '2025-01-15 00:00:00', '2025-01-15 00:00:00');
INSERT OR REPLACE INTO "product_variants" (id, productId, sku, name, price, comparePrice, stock, size, isActive, isDefault, lowStockAlert, reorderLevel, reorderQty, countryOfOrigin, totalCost, averageCost, createdAt, updatedAt) VALUES ('var-cerave-026-1', 'prod-cerave-026', 'CEV-CBHO-85g', 'CeraVe Baby Healing Ointment - 85g', 2500, 3200, 50, '85g', 1, 1, 10, 5, 20, 'USA', 1500, 1500, '2025-01-15 00:00:00', '2025-01-15 00:00:00');
-- CERAVE ADVANCED / SPECIALTY
-- CeraVe Diabetics Dry Skin Relief Lotion
INSERT OR REPLACE INTO "products" (id, name, slug, description, categoryId, price, basePrice, comparePrice, stock, isActive, hasVariants, brandId, brandName, countryOfOrigin, totalCost, averageCost, createdAt, updatedAt) VALUES ('prod-cerave-027', 'CeraVe Diabetics Dry Skin Relief Lotion', 'cerave-diabetics-dry-skin-relief-lotion', 'Specialized lotion for diabetic skin with ceramides and urea for intense hydration.', 'cat-body-lotion', 3500, 3500, 4500, 50, 1, 1, 'brand-063', 'CeraVe', 'USA', 2100, 2100, '2025-01-15 00:00:00', '2025-01-15 00:00:00');
INSERT OR REPLACE INTO "product_variants" (id, productId, sku, name, price, comparePrice, stock, size, isActive, isDefault, lowStockAlert, reorderLevel, reorderQty, countryOfOrigin, totalCost, averageCost, createdAt, updatedAt) VALUES ('var-cerave-027-1', 'prod-cerave-027', 'CEV-CDDSRL-236ml', 'CeraVe Diabetics Dry Skin Relief Lotion - 236ml', 3500, 4500, 50, '236ml', 1, 1, 10, 5, 20, 'USA', 2100, 2100, '2025-01-15 00:00:00', '2025-01-15 00:00:00');
-- CeraVe Itch Relief Moisturizing Cream
INSERT OR REPLACE INTO "products" (id, name, slug, description, categoryId, price, basePrice, comparePrice, stock, isActive, hasVariants, brandId, brandName, countryOfOrigin, totalCost, averageCost, createdAt, updatedAt) VALUES ('prod-cerave-028', 'CeraVe Itch Relief Moisturizing Cream', 'cerave-itch-relief-moisturizing-cream', 'Itch relief cream with pramoxine and ceramides for instant relief from itchiness.', 'cat-body-cream', 5000, 5000, 6500, 50, 1, 1, 'brand-063', 'CeraVe', 'USA', 3000, 3000, '2025-01-15 00:00:00', '2025-01-15 00:00:00');
INSERT OR REPLACE INTO "product_variants" (id, productId, sku, name, price, comparePrice, stock, size, isActive, isDefault, lowStockAlert, reorderLevel, reorderQty, countryOfOrigin, totalCost, averageCost, createdAt, updatedAt) VALUES ('var-cerave-028-1', 'prod-cerave-028', 'CEV-CIRMC-340g', 'CeraVe Itch Relief Moisturizing Cream - 340g', 5000, 6500, 50, '340g', 1, 1, 10, 5, 20, 'USA', 3000, 3000, '2025-01-15 00:00:00', '2025-01-15 00:00:00');
-- CeraVe Psoriasis Moisturizing Cream
INSERT OR REPLACE INTO "products" (id, name, slug, description, categoryId, price, basePrice, comparePrice, stock, isActive, hasVariants, brandId, brandName, countryOfOrigin, totalCost, averageCost, createdAt, updatedAt) VALUES ('prod-cerave-029', 'CeraVe Psoriasis Moisturizing Cream', 'cerave-psoriasis-moisturizing-cream', 'Psoriasis treatment cream with salicylic acid and ceramides for relief from psoriasis symptoms.', 'cat-body-cream', 4700, 4700, 6200, 50, 1, 1, 'brand-063', 'CeraVe', 'USA', 2820, 2820, '2025-01-15 00:00:00', '2025-01-15 00:00:00');
INSERT OR REPLACE INTO "product_variants" (id, productId, sku, name, price, comparePrice, stock, size, isActive, isDefault, lowStockAlert, reorderLevel, reorderQty, countryOfOrigin, totalCost, averageCost, createdAt, updatedAt) VALUES ('var-cerave-029-1', 'prod-cerave-029', 'CEV-CPMC-227g', 'CeraVe Psoriasis Moisturizing Cream - 227g', 4700, 6200, 50, '227g', 1, 1, 10, 5, 20, 'USA', 2820, 2820, '2025-01-15 00:00:00', '2025-01-15 00:00:00');
-- Insert Email Service
INSERT OR REPLACE INTO "email_services" (id, name, provider, fromEmail, fromName, isActive, isDefault, createdAt, updatedAt) VALUES ('email-default', 'Default SMTP', 'custom', 'noreply@beautystore.com', 'Beauty & Personal Care', 1, 1, '2025-01-15 00:00:00', '2025-01-15 00:00:00');
-- Insert Payment Gateway
INSERT OR REPLACE INTO "payment_gateways" (id, name, provider, isActive, isDefault, createdAt, updatedAt) VALUES ('payment-cod', 'Cash on Delivery', 'custom', 1, 1, '2025-01-15 00:00:00', '2025-01-15 00:00:00');
-- Insert Shipping Carrier
INSERT OR REPLACE INTO "shipping_carriers" (id, name, provider, isActive, isDefault, createdAt, updatedAt) VALUES ('shipping-default', 'Standard Delivery', 'custom', 1, 1, '2025-01-15 00:00:00', '2025-01-15 00:00:00');
-- Insert Banners
INSERT OR REPLACE INTO banners (id, title, description, image, mobileImage, buttonText, buttonLink, isActive, `order`, createdAt, updatedAt) VALUES ('banner-001', 'New Collection', 'Explore our latest arrivals', 'https://images.unsplash.com/photo-1596462502278-27bfdc403348?w=1600', 'https://images.unsplash.com/photo-1596462502278-27bfdc403348?w=800', 'Shop Now', '/shop', 1, 1, '2025-01-15 00:00:00', '2025-01-15 00:00:00'), ('banner-002', 'Special Offers', 'Up to 50% off on selected items', 'https://images.unsplash.com/photo-1571781926291-c477ebfd024b?w=1600', 'https://images.unsplash.com/photo-1571781926291-c477ebfd024b?w=800', 'View Deals', '/shop?sale=true', 1, 2, '2025-01-15 00:00:00', '2025-01-15 00:00:00'), ('banner-003', 'Free Shipping', 'Free shipping on orders over ৳5000', 'https://images.unsplash.com/photo-1596462502278-27bfdc403348?w=1600', 'https://images.unsplash.com/photo-1596462502278-27bfdc403348?w=800', 'Learn More', '/shipping', 1, 3, '2025-01-15 00:00:00', '2025-01-15 00:00:00');
-- Insert Homepage Settings
INSERT OR REPLACE INTO homepage_settings (id, sectionName, isEnabled, autoPlay, displayLimit, settings, createdAt, updatedAt) VALUES ('hero-enabled', 'hero', 1, 5000, 5, NULL, '2025-01-15 00:00:00', '2025-01-15 00:00:00'), ('brands-enabled', 'brands', 1, 5000, 10, '{"brandIds": ["brand-023", "brand-063"], "autoScroll": true, "scrollInterval": 4000, "heading": "Featured Brands", "description": "Discover top beauty brands"}', '2025-01-15 00:00:00', '2025-01-15 00:00:00'), ('featured-products-enabled', 'featured_products', 1, 3000, 10, '{"productIds": [], "heading": "Featured Products", "description": "Discover our handpicked selection"}', '2025-01-15 00:00:00', '2025-01-15 00:00:00'), ('category-carousel-enabled', 'category-carousel', 1, 4000, 8, '{"categoryIds": [], "heading": "Shop by Category", "description": "Explore our wide range"}', '2025-01-15 00:00:00', '2025-01-15 00:00:00');
-- Insert Promotions
INSERT OR REPLACE INTO promotions (id, title, description, image, ctaText, ctaLink, promoCode, discountType, discountValue, minOrderAmount, isActive, `order`, createdAt, updatedAt) VALUES ('promo-001', 'First Order Discount', 'Get 10% off on your first order', 'https://images.unsplash.com/photo-1571781926291-c477ebfd024b?w=600', 'Use Code FIRST10', '/shop', 'FIRST10', 'percentage', 10, 1000, 1, 1, '2025-01-15 00:00:00', '2025-01-15 00:00:00'), ('promo-002', 'Summer Sale', 'Flat ৳500 off on orders above ৳3000', 'https://images.unsplash.com/photo-1596462502278-27bfdc403348?w=600', 'Use Code SUMMER500', '/shop', 'SUMMER500', 'fixed', 500, 3000, 1, 2, '2025-01-15 00:00:00', '2025-01-15 00:00:00');
-- Insert Page SEO
INSERT OR REPLACE INTO "page_seo" (id, pagePath, pageTitle, metaTitle, metaDescription, keywords, ogTitle, ogDescription, isActive, createdAt, updatedAt) VALUES ('seo-home', '/', 'Beauty & Personal Care', 'Beauty & Personal Care Store', 'Shop the best beauty and personal care products at great prices.', 'beauty, skincare, makeup, personal care, cosmetics, online shopping, Bangladesh', 'Beauty & Personal Care Store', 'Your one-stop shop for all beauty needs.', 1, '2025-01-15 00:00:00', '2025-01-15 00:00:00'), ('seo-shop', '/shop', 'Shop - Beauty Store', 'Shop All Products', 'Browse our complete collection of beauty and personal care products.', 'shop, products, beauty, cosmetics', 'Shop Beauty Products', 'Find your perfect beauty products here.', 1, '2025-01-15 00:00:00', '2025-01-15 00:00:00');
-- Summary output
-- POPULAR BEAUTY BRANDS SEED DATA ADDITION
-- Based on products from popular Bangladeshi ecommerce sites
-- Brands: Sebamed, Simple, Loreal, Cetaphil, Clear, Dove, Enchanteur, GATSBY, Kodomo, Nivea
-- ============================================
-- UPDATE BRANDS - Add new brands
INSERT OR REPLACE INTO "brands" (id, name, slug, logo, description, country, isActive, featured, sortOrder, createdAt, updatedAt) VALUES ('brand-100', 'Sebamed', 'sebamed', NULL, 'Sebamed - pH 5.5 skincare products for sensitive skin', 'Germany', 1, 1, 22, '2025-01-15 00:00:00', '2025-01-15 00:00:00'), ('brand-101', 'Simple', 'simple', NULL, 'Simple - Kind to skin skincare products', 'UK', 1, 1, 23, '2025-01-15 00:00:00', '2025-01-15 00:00:00'), ('brand-102', 'L''Oreal', 'loreal', NULL, 'L''Oreal - World leading beauty brand', 'France', 1, 1, 24, '2025-01-15 00:00:00', '2025-01-15 00:00:00'), ('brand-103', 'Cetaphil', 'cetaphil', NULL, 'Cetaphil - Gentle skincare for all skin types', 'USA', 1, 1, 25, '2025-01-15 00:00:00', '2025-01-15 00:00:00'), ('brand-104', 'Clear', 'clear', NULL, 'Clear - Anti-dandruff shampoo', 'USA', 1, 1, 26, '2025-01-15 00:00:00', '2025-01-15 00:00:00'), ('brand-105', 'Dove', 'dove', NULL, 'Dove - Personal care products', 'USA', 1, 1, 27, '2025-01-15 00:00:00', '2025-01-15 00:00:00'), ('brand-106', 'Enchanteur', 'enchanteur', NULL, 'Enchanteur - Premium personal care products', 'France', 1, 1, 28, '2025-01-15 00:00:00', '2025-01-15 00:00:00'), ('brand-107', 'GATSBY', 'gatsby', NULL, 'GATSBY - Men''s grooming products', 'Japan', 1, 1, 29, '2025-01-15 00:00:00', '2025-01-15 00:00:00'), ('brand-108', 'Kodomo', 'kodomo', NULL, 'Kodomo - Baby care products', 'Japan', 1, 1, 30, '2025-01-15 00:00:00', '2025-01-15 00:00:00'), ('brand-109', 'Nivea', 'nivea', NULL, 'Nivea - Skin and body care products', 'Germany', 1, 1, 31, '2025-01-15 00:00:00', '2025-01-15 00:00:00');
-- UPDATE CATEGORIES - Make some subcategories active for new products
-- ============================================
-- SEBAMED PRODUCTS
-- ============================================
-- Sebamed Clear Face Cleansing Bar
INSERT OR REPLACE INTO "products" (id, name, slug, description, categoryId, price, basePrice, comparePrice, stock, isActive, hasVariants, brandId, brandName, countryOfOrigin, availableSizes, totalCost, averageCost, createdAt, updatedAt) VALUES ('prod-sebamed-001', 'Sebamed Clear Face Cleansing Bar', 'sebamed-clear-face-cleansing-bar', 'Soap-free cleansing bar for acne-prone and oily skin. pH 5.5 balance.', 'cat-face-wash', 350, 350, 550, 60, 1, 1, 'brand-100', 'Sebamed', 'Germany', '["100g"]', 210, 210, '2025-01-15 00:00:00', '2025-01-15 00:00:00');
INSERT OR REPLACE INTO "product_variants" (id, productId, sku, name, price, comparePrice, stock, size, isActive, isDefault, lowStockAlert, reorderLevel, reorderQty, countryOfOrigin, totalCost, averageCost, createdAt, updatedAt) VALUES ('var-sebamed-001-1', 'prod-sebamed-001', 'SEM-CFCB-100g', 'Sebamed Clear Face Cleansing Bar - 100g', 350, 550, 60, '100g', 1, 1, 10, 5, 20, 'Germany', 210, 210, '2025-01-15 00:00:00', '2025-01-15 00:00:00');
-- Sebamed Liquid Face Wash
INSERT OR REPLACE INTO "products" (id, name, slug, description, categoryId, price, basePrice, comparePrice, stock, isActive, hasVariants, brandId, brandName, countryOfOrigin, availableSizes, totalCost, averageCost, createdAt, updatedAt) VALUES ('prod-sebamed-002', 'Sebamed Liquid Face Wash', 'sebamed-liquid-face-wash', 'pH 5.5 face wash for normal to oily skin. Gently cleanses and refreshes.', 'cat-face-wash', 850, 850, 1200, 55, 1, 1, 'brand-100', 'Sebamed', 'Germany', '["100ml","200ml","400ml"]', 510, 510, '2025-01-15 00:00:00', '2025-01-15 00:00:00');
INSERT OR REPLACE INTO "product_variants" (id, productId, sku, name, price, comparePrice, stock, size, isActive, isDefault, lowStockAlert, reorderLevel, reorderQty, countryOfOrigin, totalCost, averageCost, createdAt, updatedAt) VALUES ('var-sebamed-002-1', 'prod-sebamed-002', 'SEM-LFW-100ml', 'Sebamed Liquid Face Wash - 100ml', 450, 650, 55, '100ml', 1, 0, 10, 5, 20, 'Germany', 270, 270, '2025-01-15 00:00:00', '2025-01-15 00:00:00'), ('var-sebamed-002-2', 'prod-sebamed-002', 'SEM-LFW-200ml', 'Sebamed Liquid Face Wash - 200ml', 850, 1200, 55, '200ml', 1, 1, 10, 5, 20, 'Germany', 510, 510, '2025-01-15 00:00:00', '2025-01-15 00:00:00'), ('var-sebamed-002-3', 'prod-sebamed-002', 'SEM-LFW-400ml', 'Sebamed Liquid Face Wash - 400ml', 1500, 2200, 55, '400ml', 1, 0, 10, 5, 20, 'Germany', 900, 900, '2025-01-15 00:00:00', '2025-01-15 00:00:00');
-- Sebamed Moisturizing Face Cream
INSERT OR REPLACE INTO "products" (id, name, slug, description, categoryId, price, basePrice, comparePrice, stock, isActive, hasVariants, brandId, brandName, countryOfOrigin, availableSizes, totalCost, averageCost, createdAt, updatedAt) VALUES ('prod-sebamed-003', 'Sebamed Moisturizing Face Cream', 'sebamed-moisturizing-face-cream', 'Intensive moisturizing face cream for dry and sensitive skin. pH 5.5.', 'cat-moisturizer', 1150, 1150, 1650, 45, 1, 1, 'brand-100', 'Sebamed', 'Germany', '["50ml","100ml"]', 690, 690, '2025-01-15 00:00:00', '2025-01-15 00:00:00');
INSERT OR REPLACE INTO "product_variants" (id, productId, sku, name, price, comparePrice, stock, size, isActive, isDefault, lowStockAlert, reorderLevel, reorderQty, countryOfOrigin, totalCost, averageCost, createdAt, updatedAt) VALUES ('var-sebamed-003-1', 'prod-sebamed-003', 'SEM-MFC-50ml', 'Sebamed Moisturizing Face Cream - 50ml', 650, 950, 45, '50ml', 1, 0, 10, 5, 20, 'Germany', 390, 390, '2025-01-15 00:00:00', '2025-01-15 00:00:00'), ('var-sebamed-003-2', 'prod-sebamed-003', 'SEM-MFC-100ml', 'Sebamed Moisturizing Face Cream - 100ml', 1150, 1650, 45, '100ml', 1, 1, 10, 5, 20, 'Germany', 690, 690, '2025-01-15 00:00:00', '2025-01-15 00:00:00');
-- Sebamed Anti-Dandruff Shampoo
INSERT OR REPLACE INTO "products" (id, name, slug, description, categoryId, price, basePrice, comparePrice, stock, isActive, hasVariants, brandId, brandName, countryOfOrigin, availableSizes, totalCost, averageCost, createdAt, updatedAt) VALUES ('prod-sebamed-004', 'Sebamed Anti-Dandruff Shampoo', 'sebamed-anti-dandruff-shampoo', 'Anti-dandruff shampoo with pH 5.5 for healthy scalp.', 'cat-shampoo', 750, 750, 1100, 50, 1, 1, 'brand-100', 'Sebamed', 'Germany', '["200ml","400ml"]', 450, 450, '2025-01-15 00:00:00', '2025-01-15 00:00:00');
INSERT OR REPLACE INTO "product_variants" (id, productId, sku, name, price, comparePrice, stock, size, isActive, isDefault, lowStockAlert, reorderLevel, reorderQty, countryOfOrigin, totalCost, averageCost, createdAt, updatedAt) VALUES ('var-sebamed-004-1', 'prod-sebamed-004', 'SEM-ADS-200ml', 'Sebamed Anti-Dandruff Shampoo - 200ml', 450, 650, 50, '200ml', 1, 0, 10, 5, 20, 'Germany', 270, 270, '2025-01-15 00:00:00', '2025-01-15 00:00:00'), ('var-sebamed-004-2', 'prod-sebamed-004', 'SEM-ADS-400ml', 'Sebamed Anti-Dandruff Shampoo - 400ml', 750, 1100, 50, '400ml', 1, 1, 10, 5, 20, 'Germany', 450, 450, '2025-01-15 00:00:00', '2025-01-15 00:00:00');
-- Sebamed Olive Face Wash
INSERT OR REPLACE INTO "products" (id, name, slug, description, categoryId, price, basePrice, comparePrice, stock, isActive, hasVariants, brandId, brandName, countryOfOrigin, availableSizes, totalCost, averageCost, createdAt, updatedAt) VALUES ('prod-sebamed-005', 'Sebamed Olive Face Wash', 'sebamed-olive-face-wash', 'Gentle face wash with olive extract for dry and sensitive skin.', 'cat-face-wash', 950, 950, 1350, 55, 1, 1, 'brand-100', 'Sebamed', 'Germany', '["100ml","200ml"]', 570, 570, '2025-01-15 00:00:00', '2025-01-15 00:00:00');
INSERT OR REPLACE INTO "product_variants" (id, productId, sku, name, price, comparePrice, stock, size, isActive, isDefault, lowStockAlert, reorderLevel, reorderQty, countryOfOrigin, totalCost, averageCost, createdAt, updatedAt) VALUES ('var-sebamed-005-1', 'prod-sebamed-005', 'SEM-OFW-100ml', 'Sebamed Olive Face Wash - 100ml', 550, 800, 55, '100ml', 1, 0, 10, 5, 20, 'Germany', 330, 330, '2025-01-15 00:00:00', '2025-01-15 00:00:00'), ('var-sebamed-005-2', 'prod-sebamed-005', 'SEM-OFW-200ml', 'Sebamed Olive Face Wash - 200ml', 950, 1350, 55, '200ml', 1, 1, 10, 5, 20, 'Germany', 570, 570, '2025-01-15 00:00:00', '2025-01-15 00:00:00');
-- Sebamed Sun Screen SPF 50+
INSERT OR REPLACE INTO "products" (id, name, slug, description, categoryId, price, basePrice, comparePrice, stock, isActive, hasVariants, brandId, brandName, countryOfOrigin, availableSizes, totalCost, averageCost, createdAt, updatedAt) VALUES ('prod-sebamed-006', 'Sebamed Sun Screen SPF 50+', 'sebamed-sun-screen-spf-50', 'High protection sunscreen SPF 50+ for all skin types. UVA/UVB protection.', 'cat-sunscreen', 1850, 1850, 2500, 40, 1, 1, 'brand-100', 'Sebamed', 'Germany', '["50ml","100ml","150ml"]', 1110, 1110, '2025-01-15 00:00:00', '2025-01-15 00:00:00');
INSERT OR REPLACE INTO "product_variants" (id, productId, sku, name, price, comparePrice, stock, size, isActive, isDefault, lowStockAlert, reorderLevel, reorderQty, countryOfOrigin, totalCost, averageCost, createdAt, updatedAt) VALUES ('var-sebamed-006-1', 'prod-sebamed-006', 'SEM-SS50-50ml', 'Sebamed Sun Screen SPF 50+ - 50ml', 850, 1200, 40, '50ml', 1, 0, 10, 5, 20, 'Germany', 510, 510, '2025-01-15 00:00:00', '2025-01-15 00:00:00'), ('var-sebamed-006-2', 'prod-sebamed-006', 'SEM-SS50-100ml', 'Sebamed Sun Screen SPF 50+ - 100ml', 1850, 2500, 40, '100ml', 1, 1, 10, 5, 20, 'Germany', 1110, 1110, '2025-01-15 00:00:00', '2025-01-15 00:00:00'), ('var-sebamed-006-3', 'prod-sebamed-006', 'SEM-SS50-150ml', 'Sebamed Sun Screen SPF 50+ - 150ml', 2850, 3800, 40, '150ml', 1, 0, 10, 5, 20, 'Germany', 1710, 1710, '2025-01-15 00:00:00', '2025-01-15 00:00:00');
-- Sebamed Moisturizing Lotion
INSERT OR REPLACE INTO "products" (id, name, slug, description, categoryId, price, basePrice, comparePrice, stock, isActive, hasVariants, brandId, brandName, countryOfOrigin, availableSizes, totalCost, averageCost, createdAt, updatedAt) VALUES ('prod-sebamed-007', 'Sebamed Moisturizing Lotion', 'sebamed-moisturizing-lotion', 'pH 5.5 moisturizing lotion for dry and sensitive skin.', 'cat-body-lotion', 1350, 1350, 1900, 50, 1, 1, 'brand-100', 'Sebamed', 'Germany', '["200ml","400ml"]', 810, 810, '2025-01-15 00:00:00', '2025-01-15 00:00:00');
INSERT OR REPLACE INTO "product_variants" (id, productId, sku, name, price, comparePrice, stock, size, isActive, isDefault, lowStockAlert, reorderLevel, reorderQty, countryOfOrigin, totalCost, averageCost, createdAt, updatedAt) VALUES ('var-sebamed-007-1', 'prod-sebamed-007', 'SEM-ML-200ml', 'Sebamed Moisturizing Lotion - 200ml', 800, 1150, 50, '200ml', 1, 0, 10, 5, 20, 'Germany', 480, 480, '2025-01-15 00:00:00', '2025-01-15 00:00:00'), ('var-sebamed-007-2', 'prod-sebamed-007', 'SEM-ML-400ml', 'Sebamed Moisturizing Lotion - 400ml', 1350, 1900, 50, '400ml', 1, 1, 10, 5, 20, 'Germany', 810, 810, '2025-01-15 00:00:00', '2025-01-15 00:00:00');
-- ============================================
-- SIMPLE PRODUCTS
-- ============================================
-- Simple Kind to Skin Refreshing Facial Wash
INSERT OR REPLACE INTO "products" (id, name, slug, description, categoryId, price, basePrice, comparePrice, stock, isActive, hasVariants, brandId, brandName, countryOfOrigin, availableSizes, totalCost, averageCost, createdAt, updatedAt) VALUES ('prod-simple-001', 'Simple Kind to Skin Refreshing Facial Wash', 'simple-kind-to-skin-refreshing-facial-wash', 'Refreshing face wash with vitamins and pro-vitamin B5. Soap-free and color-free.', 'cat-face-wash', 550, 550, 800, 60, 1, 1, 'brand-101', 'Simple', 'UK', '["100ml","150ml"]', 330, 330, '2025-01-15 00:00:00', '2025-01-15 00:00:00');
INSERT OR REPLACE INTO "product_variants" (id, productId, sku, name, price, comparePrice, stock, size, isActive, isDefault, lowStockAlert, reorderLevel, reorderQty, countryOfOrigin, totalCost, averageCost, createdAt, updatedAt) VALUES ('var-simple-001-1', 'prod-simple-001', 'SIM-KTSRFW-100ml', 'Simple Kind to Skin Refreshing Facial Wash - 100ml', 350, 500, 60, '100ml', 1, 0, 10, 5, 20, 'UK', 210, 210, '2025-01-15 00:00:00', '2025-01-15 00:00:00'), ('var-simple-001-2', 'prod-simple-001', 'SIM-KTSRFW-150ml', 'Simple Kind to Skin Refreshing Facial Wash - 150ml', 550, 800, 60, '150ml', 1, 1, 10, 5, 20, 'UK', 330, 330, '2025-01-15 00:00:00', '2025-01-15 00:00:00');
-- Simple Soothing Facial Toner
INSERT OR REPLACE INTO "products" (id, name, slug, description, categoryId, price, basePrice, comparePrice, stock, isActive, hasVariants, brandId, brandName, countryOfOrigin, availableSizes, totalCost, averageCost, createdAt, updatedAt) VALUES ('prod-simple-002', 'Simple Soothing Facial Toner', 'simple-soothing-facial-toner', 'Soothing toner with chamomile and witch hazel. Alcohol-free.', 'cat-toner', 750, 750, 1050, 55, 1, 1, 'brand-101', 'Simple', 'UK', '["200ml"]', 450, 450, '2025-01-15 00:00:00', '2025-01-15 00:00:00');
INSERT OR REPLACE INTO "product_variants" (id, productId, sku, name, price, comparePrice, stock, size, isActive, isDefault, lowStockAlert, reorderLevel, reorderQty, countryOfOrigin, totalCost, averageCost, createdAt, updatedAt) VALUES ('var-simple-002-1', 'prod-simple-002', 'SIM-SFT-200ml', 'Simple Soothing Facial Toner - 200ml', 750, 1050, 55, '200ml', 1, 1, 10, 5, 20, 'UK', 450, 450, '2025-01-15 00:00:00', '2025-01-15 00:00:00');
-- Simple Kind to Skin Hydrating Light Moisturiser
INSERT OR REPLACE INTO "products" (id, name, slug, description, categoryId, price, basePrice, comparePrice, stock, isActive, hasVariants, brandId, brandName, countryOfOrigin, availableSizes, totalCost, averageCost, createdAt, updatedAt) VALUES ('prod-simple-003', 'Simple Kind to Skin Hydrating Light Moisturiser', 'simple-kind-to-skin-hydrating-light-moisturiser', 'Light moisturizer with vitamin E and jojoba oil. Perfect for daily use.', 'cat-moisturizer', 950, 950, 1350, 50, 1, 1, 'brand-101', 'Simple', 'UK', '["50ml","125ml"]', 570, 570, '2025-01-15 00:00:00', '2025-01-15 00:00:00');
INSERT OR REPLACE INTO "product_variants" (id, productId, sku, name, price, comparePrice, stock, size, isActive, isDefault, lowStockAlert, reorderLevel, reorderQty, countryOfOrigin, totalCost, averageCost, createdAt, updatedAt) VALUES ('var-simple-003-1', 'prod-simple-003', 'SIM-KTSHLM-50ml', 'Simple Kind to Skin Hydrating Light Moisturiser - 50ml', 450, 650, 50, '50ml', 1, 0, 10, 5, 20, 'UK', 270, 270, '2025-01-15 00:00:00', '2025-01-15 00:00:00'), ('var-simple-003-2', 'prod-simple-003', 'SIM-KTSHLM-125ml', 'Simple Kind to Skin Hydrating Light Moisturiser - 125ml', 950, 1350, 50, '125ml', 1, 1, 10, 5, 20, 'UK', 570, 570, '2025-01-15 00:00:00', '2025-01-15 00:00:00');
-- Simple Kind to Skin Replenishing Rich Moisturiser
INSERT OR REPLACE INTO "products" (id, name, slug, description, categoryId, price, basePrice, comparePrice, stock, isActive, hasVariants, brandId, brandName, countryOfOrigin, availableSizes, totalCost, averageCost, createdAt, updatedAt) VALUES ('prod-simple-004', 'Simple Kind to Skin Replenishing Rich Moisturiser', 'simple-kind-to-skin-replenishing-rich-moisturiser', 'Rich moisturizer with glycerin and vitamin E. For dry skin.', 'cat-moisturizer', 1050, 1050, 1500, 48, 1, 1, 'brand-101', 'Simple', 'UK', '["125ml"]', 630, 630, '2025-01-15 00:00:00', '2025-01-15 00:00:00');
INSERT OR REPLACE INTO "product_variants" (id, productId, sku, name, price, comparePrice, stock, size, isActive, isDefault, lowStockAlert, reorderLevel, reorderQty, countryOfOrigin, totalCost, averageCost, createdAt, updatedAt) VALUES ('var-simple-004-1', 'prod-simple-004', 'SIM-KTSRRM-125ml', 'Simple Kind to Skin Replenishing Rich Moisturiser - 125ml', 1050, 1500, 48, '125ml', 1, 1, 10, 5, 20, 'UK', 630, 630, '2025-01-15 00:00:00', '2025-01-15 00:00:00');
-- Simple Clear Skin Oil Balancing Moisturiser
INSERT OR REPLACE INTO "products" (id, name, slug, description, categoryId, price, basePrice, comparePrice, stock, isActive, hasVariants, brandId, brandName, countryOfOrigin, availableSizes, totalCost, averageCost, createdAt, updatedAt) VALUES ('prod-simple-005', 'Simple Clear Skin Oil Balancing Moisturiser', 'simple-clear-skin-oil-balancing-moisturiser', 'Oil-balancing moisturizer for combination and oily skin.', 'cat-moisturizer', 1100, 1100, 1550, 52, 1, 1, 'brand-101', 'Simple', 'UK', '["125ml"]', 660, 660, '2025-01-15 00:00:00', '2025-01-15 00:00:00');
INSERT OR REPLACE INTO "product_variants" (id, productId, sku, name, price, comparePrice, stock, size, isActive, isDefault, lowStockAlert, reorderLevel, reorderQty, countryOfOrigin, totalCost, averageCost, createdAt, updatedAt) VALUES ('var-simple-005-1', 'prod-simple-005', 'SIM-CSOBM-125ml', 'Simple Clear Skin Oil Balancing Moisturiser - 125ml', 1100, 1550, 52, '125ml', 1, 1, 10, 5, 20, 'UK', 660, 660, '2025-01-15 00:00:00', '2025-01-15 00:00:00');
-- Simple Clear Skin Oil Balancing Wash
INSERT OR REPLACE INTO "products" (id, name, slug, description, categoryId, price, basePrice, comparePrice, stock, isActive, hasVariants, brandId, brandName, countryOfOrigin, availableSizes, totalCost, averageCost, createdAt, updatedAt) VALUES ('prod-simple-006', 'Simple Clear Skin Oil Balancing Wash', 'simple-clear-skin-oil-balancing-wash', 'Deep cleansing face wash for oily and combination skin.', 'cat-face-wash', 550, 550, 800, 58, 1, 1, 'brand-101', 'Simple', 'UK', '["150ml"]', 330, 330, '2025-01-15 00:00:00', '2025-01-15 00:00:00');
INSERT OR REPLACE INTO "product_variants" (id, productId, sku, name, price, comparePrice, stock, size, isActive, isDefault, lowStockAlert, reorderLevel, reorderQty, countryOfOrigin, totalCost, averageCost, createdAt, updatedAt) VALUES ('var-simple-006-1', 'prod-simple-006', 'SIM-CSOBW-150ml', 'Simple Clear Skin Oil Balancing Wash - 150ml', 550, 800, 58, '150ml', 1, 1, 10, 5, 20, 'UK', 330, 330, '2025-01-15 00:00:00', '2025-01-15 00:00:00');
-- Simple Kind to Skin Vital Vitamin Day Cream
INSERT OR REPLACE INTO "products" (id, name, slug, description, categoryId, price, basePrice, comparePrice, stock, isActive, hasVariants, brandId, brandName, countryOfOrigin, availableSizes, totalCost, averageCost, createdAt, updatedAt) VALUES ('prod-simple-007', 'Simple Kind to Skin Vital Vitamin Day Cream', 'simple-kind-to-skin-vital-vitamin-day-cream', 'Day cream with vitamins, minerals and SPF 15.', 'cat-day-cream', 1200, 1200, 1700, 45, 1, 1, 'brand-101', 'Simple', 'UK', '["50ml"]', 720, 720, '2025-01-15 00:00:00', '2025-01-15 00:00:00');
INSERT OR REPLACE INTO "product_variants" (id, productId, sku, name, price, comparePrice, stock, size, isActive, isDefault, lowStockAlert, reorderLevel, reorderQty, countryOfOrigin, totalCost, averageCost, createdAt, updatedAt) VALUES ('var-simple-007-1', 'prod-simple-007', 'SIM-KTSVDC-50ml', 'Simple Kind to Skin Vital Vitamin Day Cream - 50ml', 1200, 1700, 45, '50ml', 1, 1, 10, 5, 20, 'UK', 720, 720, '2025-01-15 00:00:00', '2025-01-15 00:00:00');
-- Simple Kind to Skin Smoothing Facial Scrub
INSERT OR REPLACE INTO "products" (id, name, slug, description, categoryId, price, basePrice, comparePrice, stock, isActive, hasVariants, brandId, brandName, countryOfOrigin, availableSizes, totalCost, averageCost, createdAt, updatedAt) VALUES ('prod-simple-008', 'Simple Kind to Skin Smoothing Facial Scrub', 'simple-kind-to-skin-smoothing-facial-scrub', 'Gentle facial scrub with rice granules and vitamin E.', 'cat-face-scrub', 650, 650, 950, 50, 1, 1, 'brand-101', 'Simple', 'UK', '["75ml"]', 390, 390, '2025-01-15 00:00:00', '2025-01-15 00:00:00');
INSERT OR REPLACE INTO "product_variants" (id, productId, sku, name, price, comparePrice, stock, size, isActive, isDefault, lowStockAlert, reorderLevel, reorderQty, countryOfOrigin, totalCost, averageCost, createdAt, updatedAt) VALUES ('var-simple-008-1', 'prod-simple-008', 'SIM-KTSSFS-75ml', 'Simple Kind to Skin Smoothing Facial Scrub - 75ml', 650, 950, 50, '75ml', 1, 1, 10, 5, 20, 'UK', 390, 390, '2025-01-15 00:00:00', '2025-01-15 00:00:00');
-- ============================================
-- L'OREAL PRODUCTS
-- ============================================
-- L'Oreal Paris Revitalift Laser X3 Night Cream
INSERT OR REPLACE INTO "products" (id, name, slug, description, categoryId, price, basePrice, comparePrice, stock, isActive, hasVariants, brandId, brandName, countryOfOrigin, availableSizes, totalCost, averageCost, createdAt, updatedAt) VALUES ('prod-loreal-001', 'L''Oreal Paris Revitalift Laser X3 Night Cream', 'loreal-paris-revitalift-laser-x3-night-cream', 'Anti-aging night cream with Pro-Xylane and Hyaluronic Acid.', 'cat-night-cream', 2200, 2200, 3200, 40, 1, 1, 'brand-102', 'L''Oreal', 'France', '["50ml"]', 1320, 1320, '2025-01-15 00:00:00', '2025-01-15 00:00:00');
INSERT OR REPLACE INTO "product_variants" (id, productId, sku, name, price, comparePrice, stock, size, isActive, isDefault, lowStockAlert, reorderLevel, reorderQty, countryOfOrigin, totalCost, averageCost, createdAt, updatedAt) VALUES ('var-loreal-001-1', 'prod-loreal-001', 'LOR-RLX3-NC-50ml', 'L''Oreal Paris Revitalift Laser X3 Night Cream - 50ml', 2200, 3200, 40, '50ml', 1, 1, 10, 5, 20, 'France', 1320, 1320, '2025-01-15 00:00:00', '2025-01-15 00:00:00');
-- L'Oreal Paris Revitalift Laser X3 Day Cream SPF 30
INSERT OR REPLACE INTO "products" (id, name, slug, description, categoryId, price, basePrice, comparePrice, stock, isActive, hasVariants, brandId, brandName, countryOfOrigin, availableSizes, totalCost, averageCost, createdAt, updatedAt) VALUES ('prod-loreal-002', 'L''Oreal Paris Revitalift Laser X3 Day Cream SPF 30', 'loreal-paris-revitalift-laser-x3-day-cream-spf-30', 'Anti-aging day cream with SPF 30 protection.', 'cat-day-cream', 2450, 2450, 3500, 38, 1, 1, 'brand-102', 'L''Oreal', 'France', '["50ml"]', 1470, 1470, '2025-01-15 00:00:00', '2025-01-15 00:00:00');
INSERT OR REPLACE INTO "product_variants" (id, productId, sku, name, price, comparePrice, stock, size, isActive, isDefault, lowStockAlert, reorderLevel, reorderQty, countryOfOrigin, totalCost, averageCost, createdAt, updatedAt) VALUES ('var-loreal-002-1', 'prod-loreal-002', 'LOR-RLX3-DC-50ml', 'L''Oreal Paris Revitalift Laser X3 Day Cream SPF 30 - 50ml', 2450, 3500, 38, '50ml', 1, 1, 10, 5, 20, 'France', 1470, 1470, '2025-01-15 00:00:00', '2025-01-15 00:00:00');
-- L'Oreal Paris Revitalift Laser X3 Serum
INSERT OR REPLACE INTO "products" (id, name, slug, description, categoryId, price, basePrice, comparePrice, stock, isActive, hasVariants, brandId, brandName, countryOfOrigin, availableSizes, totalCost, averageCost, createdAt, updatedAt) VALUES ('prod-loreal-003', 'L''Oreal Paris Revitalift Laser X3 Serum', 'loreal-paris-revitalift-laser-x3-serum', 'Concentrated serum for anti-aging benefits.', 'cat-serum', 2650, 2650, 3800, 35, 1, 1, 'brand-102', 'L''Oreal', 'France', '["30ml"]', 1590, 1590, '2025-01-15 00:00:00', '2025-01-15 00:00:00');
INSERT OR REPLACE INTO "product_variants" (id, productId, sku, name, price, comparePrice, stock, size, isActive, isDefault, lowStockAlert, reorderLevel, reorderQty, countryOfOrigin, totalCost, averageCost, createdAt, updatedAt) VALUES ('var-loreal-003-1', 'prod-loreal-003', 'LOR-RLX3-SER-30ml', 'L''Oreal Paris Revitalift Laser X3 Serum - 30ml', 2650, 3800, 35, '30ml', 1, 1, 10, 5, 20, 'France', 1590, 1590, '2025-01-15 00:00:00', '2025-01-15 00:00:00');
-- L'Oreal Paris Total Repair 5 Shampoo
INSERT OR REPLACE INTO "products" (id, name, slug, description, categoryId, price, basePrice, comparePrice, stock, isActive, hasVariants, brandId, brandName, countryOfOrigin, availableSizes, totalCost, averageCost, createdAt, updatedAt) VALUES ('prod-loreal-004', 'L''Oreal Paris Total Repair 5 Shampoo', 'loreal-paris-total-repair-5-shampoo', 'Repairs 5 signs of damage with Ceramide-Cement technology.', 'cat-shampoo', 450, 450, 700, 60, 1, 1, 'brand-102', 'L''Oreal', 'France', '["170ml","340ml","630ml"]', 270, 270, '2025-01-15 00:00:00', '2025-01-15 00:00:00');
INSERT OR REPLACE INTO "product_variants" (id, productId, sku, name, price, comparePrice, stock, size, isActive, isDefault, lowStockAlert, reorderLevel, reorderQty, countryOfOrigin, totalCost, averageCost, createdAt, updatedAt) VALUES ('var-loreal-004-1', 'prod-loreal-004', 'LOR-TR5-S-170ml', 'L''Oreal Paris Total Repair 5 Shampoo - 170ml', 280, 450, 60, '170ml', 1, 0, 10, 5, 20, 'France', 168, 168, '2025-01-15 00:00:00', '2025-01-15 00:00:00'), ('var-loreal-004-2', 'prod-loreal-004', 'LOR-TR5-S-340ml', 'L''Oreal Paris Total Repair 5 Shampoo - 340ml', 450, 700, 60, '340ml', 1, 1, 10, 5, 20, 'France', 270, 270, '2025-01-15 00:00:00', '2025-01-15 00:00:00'), ('var-loreal-004-3', 'prod-loreal-004', 'LOR-TR5-S-630ml', 'L''Oreal Paris Total Repair 5 Shampoo - 630ml', 850, 1300, 60, '630ml', 1, 0, 10, 5, 20, 'France', 510, 510, '2025-01-15 00:00:00', '2025-01-15 00:00:00');
-- L'Oreal Paris Fall Repair 3X Conditioner
INSERT OR REPLACE INTO "products" (id, name, slug, description, categoryId, price, basePrice, comparePrice, stock, isActive, hasVariants, brandId, brandName, countryOfOrigin, availableSizes, totalCost, averageCost, createdAt, updatedAt) VALUES ('prod-loreal-005', 'L''Oreal Paris Fall Repair 3X Conditioner', 'loreal-paris-fall-repair-3x-conditioner', 'Repairs 3 years of hair fall damage.', 'cat-conditioner', 480, 480, 750, 58, 1, 1, 'brand-102', 'L''Oreal', 'France', '["180ml","360ml","640ml"]', 288, 288, '2025-01-15 00:00:00', '2025-01-15 00:00:00');
INSERT OR REPLACE INTO "product_variants" (id, productId, sku, name, price, comparePrice, stock, size, isActive, isDefault, lowStockAlert, reorderLevel, reorderQty, countryOfOrigin, totalCost, averageCost, createdAt, updatedAt) VALUES ('var-loreal-005-1', 'prod-loreal-005', 'LOR-FR3X-C-180ml', 'L''Oreal Paris Fall Repair 3X Conditioner - 180ml', 300, 480, 58, '180ml', 1, 0, 10, 5, 20, 'France', 180, 180, '2025-01-15 00:00:00', '2025-01-15 00:00:00'), ('var-loreal-005-2', 'prod-loreal-005', 'LOR-FR3X-C-360ml', 'L''Oreal Paris Fall Repair 3X Conditioner - 360ml', 480, 750, 58, '360ml', 1, 1, 10, 5, 20, 'France', 288, 288, '2025-01-15 00:00:00', '2025-01-15 00:00:00'), ('var-loreal-005-3', 'prod-loreal-005', 'LOR-FR3X-C-640ml', 'L''Oreal Paris Fall Repair 3X Conditioner - 640ml', 900, 1400, 58, '640ml', 1, 0, 10, 5, 20, 'France', 540, 540, '2025-01-15 00:00:00', '2025-01-15 00:00:00');
-- L'Oreal Paris Color Protect Shampoo
INSERT OR REPLACE INTO "products" (id, name, slug, description, categoryId, price, basePrice, comparePrice, stock, isActive, hasVariants, brandId, brandName, countryOfOrigin, availableSizes, totalCost, averageCost, createdAt, updatedAt) VALUES ('prod-loreal-006', 'L''Oreal Paris Color Protect Shampoo', 'loreal-paris-color-protect-shampoo', 'Protects colored hair from fading.', 'cat-shampoo', 470, 470, 720, 55, 1, 1, 'brand-102', 'L''Oreal', 'France', '["170ml","340ml","630ml"]', 282, 282, '2025-01-15 00:00:00', '2025-01-15 00:00:00');
INSERT OR REPLACE INTO "product_variants" (id, productId, sku, name, price, comparePrice, stock, size, isActive, isDefault, lowStockAlert, reorderLevel, reorderQty, countryOfOrigin, totalCost, averageCost, createdAt, updatedAt) VALUES ('var-loreal-006-1', 'prod-loreal-006', 'LOR-CP-S-170ml', 'L''Oreal Paris Color Protect Shampoo - 170ml', 300, 480, 55, '170ml', 1, 0, 10, 5, 20, 'France', 180, 180, '2025-01-15 00:00:00', '2025-01-15 00:00:00'), ('var-loreal-006-2', 'prod-loreal-006', 'LOR-CP-S-340ml', 'L''Oreal Paris Color Protect Shampoo - 340ml', 470, 720, 55, '340ml', 1, 1, 10, 5, 20, 'France', 282, 282, '2025-01-15 00:00:00', '2025-01-15 00:00:00'), ('var-loreal-006-3', 'prod-loreal-006', 'LOR-CP-S-630ml', 'L''Oreal Paris Color Protect Shampoo - 630ml', 900, 1400, 55, '630ml', 1, 0, 10, 5, 20, 'France', 540, 540, '2025-01-15 00:00:00', '2025-01-15 00:00:00');
-- L'Oreal Paris Men Expert Hydra Energetic Daily Moisturizer
INSERT OR REPLACE INTO "products" (id, name, slug, description, categoryId, price, basePrice, comparePrice, stock, isActive, hasVariants, brandId, brandName, countryOfOrigin, availableSizes, totalCost, averageCost, createdAt, updatedAt) VALUES ('prod-loreal-007', 'L''Oreal Paris Men Expert Hydra Energetic Daily Moisturizer', 'loreal-paris-men-expert-hydra-energetic-daily-moisturizer', 'Daily moisturizer for men with Vitamin C.', 'cat-moisturizer', 1450, 1450, 2100, 42, 1, 1, 'brand-102', 'L''Oreal', 'France', '["50ml"]', 870, 870, '2025-01-15 00:00:00', '2025-01-15 00:00:00');
INSERT OR REPLACE INTO "product_variants" (id, productId, sku, name, price, comparePrice, stock, size, isActive, isDefault, lowStockAlert, reorderLevel, reorderQty, countryOfOrigin, totalCost, averageCost, createdAt, updatedAt) VALUES ('var-loreal-007-1', 'prod-loreal-007', 'LOR-MEHE-DM-50ml', 'L''Oreal Paris Men Expert Hydra Energetic Daily Moisturizer - 50ml', 1450, 2100, 42, '50ml', 1, 1, 10, 5, 20, 'France', 870, 870, '2025-01-15 00:00:00', '2025-01-15 00:00:00');
-- L'Oreal Paris Excellence Creme Hair Color
INSERT OR REPLACE INTO "products" (id, name, slug, description, categoryId, price, basePrice, comparePrice, stock, isActive, hasVariants, brandId, brandName, countryOfOrigin, availableSizes, totalCost, averageCost, createdAt, updatedAt) VALUES ('prod-loreal-008', 'L''Oreal Paris Excellence Creme Hair Color', 'loreal-paris-excellence-creme-hair-color', 'Permanent hair color with triple care system.', 'cat-hair-color', 650, 650, 950, 65, 1, 1, 'brand-102', 'L''Oreal', 'France', '["Black","Brown","Dark Brown","Red","Golden Brown"]', 390, 390, '2025-01-15 00:00:00', '2025-01-15 00:00:00');
INSERT OR REPLACE INTO "product_variants" (id, productId, sku, name, price, comparePrice, stock, size, isActive, isDefault, lowStockAlert, reorderLevel, reorderQty, countryOfOrigin, totalCost, averageCost, createdAt, updatedAt) VALUES ('var-loreal-008-1', 'prod-loreal-008', 'LOR-EC-HC-Black', 'L''Oreal Paris Excellence Creme Hair Color - Black', 650, 950, 65, 'Black', 1, 1, 10, 5, 20, 'France', 390, 390, '2025-01-15 00:00:00', '2025-01-15 00:00:00'), ('var-loreal-008-2', 'prod-loreal-008', 'LOR-EC-HC-Brown', 'L''Oreal Paris Excellence Creme Hair Color - Brown', 650, 950, 65, 'Brown', 1, 0, 10, 5, 20, 'France', 390, 390, '2025-01-15 00:00:00', '2025-01-15 00:00:00'), ('var-loreal-008-3', 'prod-loreal-008', 'LOR-EC-HC-DarkBrown', 'L''Oreal Paris Excellence Creme Hair Color - Dark Brown', 650, 950, 65, 'Dark Brown', 1, 0, 10, 5, 20, 'France', 390, 390, '2025-01-15 00:00:00', '2025-01-15 00:00:00'), ('var-loreal-008-4', 'prod-loreal-008', 'LOR-EC-HC-Red', 'L''Oreal Paris Excellence Creme Hair Color - Red', 750, 1100, 65, 'Red', 1, 0, 10, 5, 20, 'France', 450, 450, '2025-01-15 00:00:00', '2025-01-15 00:00:00'), ('var-loreal-008-5', 'prod-loreal-008', 'LOR-EC-HC-GoldenBrown', 'L''Oreal Paris Excellence Creme Hair Color - Golden Brown', 750, 1100, 65, 'Golden Brown', 1, 0, 10, 5, 20, 'France', 450, 450, '2025-01-15 00:00:00', '2025-01-15 00:00:00');
-- L'Oreal Paris Volume Millions Lashes Mascara
INSERT OR REPLACE INTO "products" (id, name, slug, description, categoryId, price, basePrice, comparePrice, stock, isActive, hasVariants, brandId, brandName, countryOfOrigin, availableSizes, totalCost, averageCost, createdAt, updatedAt) VALUES ('prod-loreal-009', 'L''Oreal Paris Volume Millions Lashes Mascara', 'loreal-paris-volume-millions-lashes-mascara', 'Mascara for volumized and defined lashes.', 'cat-makeup', 850, 850, 1250, 50, 1, 1, 'brand-102', 'L''Oreal', 'France', '["Black"]', 510, 510, '2025-01-15 00:00:00', '2025-01-15 00:00:00');
INSERT OR REPLACE INTO "product_variants" (id, productId, sku, name, price, comparePrice, stock, size, isActive, isDefault, lowStockAlert, reorderLevel, reorderQty, countryOfOrigin, totalCost, averageCost, createdAt, updatedAt) VALUES ('var-loreal-009-1', 'prod-loreal-009', 'LOR-VML-M-Black', 'L''Oreal Paris Volume Millions Lashes Mascara - Black', 850, 1250, 50, 'Black', 1, 1, 10, 5, 20, 'France', 510, 510, '2025-01-15 00:00:00', '2025-01-15 00:00:00');
-- ============================================
-- CETAPHIL PRODUCTS
-- ============================================
-- Cetaphil Gentle Skin Cleanser
INSERT OR REPLACE INTO "products" (id, name, slug, description, categoryId, price, basePrice, comparePrice, stock, isActive, hasVariants, brandId, brandName, countryOfOrigin, availableSizes, totalCost, averageCost, createdAt, updatedAt) VALUES ('prod-cetaphil-001', 'Cetaphil Gentle Skin Cleanser', 'cetaphil-gentle-skin-cleanser', 'Gentle cleanser for all skin types. Non-irritating and non-comedogenic.', 'cat-cleanser', 850, 850, 1250, 60, 1, 1, 'brand-103', 'Cetaphil', 'USA', '["60ml","125ml","236ml","473ml","1L"]', 510, 510, '2025-01-15 00:00:00', '2025-01-15 00:00:00');
INSERT OR REPLACE INTO "product_variants" (id, productId, sku, name, price, comparePrice, stock, size, isActive, isDefault, lowStockAlert, reorderLevel, reorderQty, countryOfOrigin, totalCost, averageCost, createdAt, updatedAt) VALUES ('var-cetaphil-001-1', 'prod-cetaphil-001', 'CET-GSC-60ml', 'Cetaphil Gentle Skin Cleanser - 60ml', 300, 450, 60, '60ml', 1, 0, 10, 5, 20, 'USA', 180, 180, '2025-01-15 00:00:00', '2025-01-15 00:00:00'), ('var-cetaphil-001-2', 'prod-cetaphil-001', 'CET-GSC-125ml', 'Cetaphil Gentle Skin Cleanser - 125ml', 450, 650, 60, '125ml', 1, 0, 10, 5, 20, 'USA', 270, 270, '2025-01-15 00:00:00', '2025-01-15 00:00:00'), ('var-cetaphil-001-3', 'prod-cetaphil-001', 'CET-GSC-236ml', 'Cetaphil Gentle Skin Cleanser - 236ml', 850, 1250, 60, '236ml', 1, 1, 10, 5, 20, 'USA', 510, 510, '2025-01-15 00:00:00', '2025-01-15 00:00:00'), ('var-cetaphil-001-4', 'prod-cetaphil-001', 'CET-GSC-473ml', 'Cetaphil Gentle Skin Cleanser - 473ml', 1650, 2400, 60, '473ml', 1, 0, 10, 5, 20, 'USA', 990, 990, '2025-01-15 00:00:00', '2025-01-15 00:00:00'), ('var-cetaphil-001-5', 'prod-cetaphil-001', 'CET-GSC-1L', 'Cetaphil Gentle Skin Cleanser - 1L', 3200, 4800, 60, '1L', 1, 0, 10, 5, 20, 'USA', 1920, 1920, '2025-01-15 00:00:00', '2025-01-15 00:00:00');
-- Cetaphil Daily Advance Lotion
INSERT OR REPLACE INTO "products" (id, name, slug, description, categoryId, price, basePrice, comparePrice, stock, isActive, hasVariants, brandId, brandName, countryOfOrigin, availableSizes, totalCost, averageCost, createdAt, updatedAt) VALUES ('prod-cetaphil-002', 'Cetaphil Daily Advance Lotion', 'cetaphil-daily-advance-lotion', 'Extra dry skin lotion with Epidermal Replenishing Complex.', 'cat-body-lotion', 1850, 1850, 2700, 50, 1, 1, 'brand-103', 'Cetaphil', 'USA', '["236ml","473ml"]', 1110, 1110, '2025-01-15 00:00:00', '2025-01-15 00:00:00');
INSERT OR REPLACE INTO "product_variants" (id, productId, sku, name, price, comparePrice, stock, size, isActive, isDefault, lowStockAlert, reorderLevel, reorderQty, countryOfOrigin, totalCost, averageCost, createdAt, updatedAt) VALUES ('var-cetaphil-002-1', 'prod-cetaphil-002', 'CET-DAL-236ml', 'Cetaphil Daily Advance Lotion - 236ml', 950, 1400, 50, '236ml', 1, 0, 10, 5, 20, 'USA', 570, 570, '2025-01-15 00:00:00', '2025-01-15 00:00:00'), ('var-cetaphil-002-2', 'prod-cetaphil-002', 'CET-DAL-473ml', 'Cetaphil Daily Advance Lotion - 473ml', 1850, 2700, 50, '473ml', 1, 1, 10, 5, 20, 'USA', 1110, 1110, '2025-01-15 00:00:00', '2025-01-15 00:00:00');
-- Cetaphil Moisturizing Lotion
INSERT OR REPLACE INTO "products" (id, name, slug, description, categoryId, price, basePrice, comparePrice, stock, isActive, hasVariants, brandId, brandName, countryOfOrigin, availableSizes, totalCost, averageCost, createdAt, updatedAt) VALUES ('prod-cetaphil-003', 'Cetaphil Moisturizing Lotion', 'cetaphil-moisturizing-lotion', 'Moisturizing lotion for normal to combination skin.', 'cat-body-lotion', 1750, 1750, 2500, 55, 1, 1, 'brand-103', 'Cetaphil', 'USA', '["236ml","473ml"]', 1050, 1050, '2025-01-15 00:00:00', '2025-01-15 00:00:00');
INSERT OR REPLACE INTO "product_variants" (id, productId, sku, name, price, comparePrice, stock, size, isActive, isDefault, lowStockAlert, reorderLevel, reorderQty, countryOfOrigin, totalCost, averageCost, createdAt, updatedAt) VALUES ('var-cetaphil-003-1', 'prod-cetaphil-003', 'CET-ML-236ml', 'Cetaphil Moisturizing Lotion - 236ml', 900, 1300, 55, '236ml', 1, 0, 10, 5, 20, 'USA', 540, 540, '2025-01-15 00:00:00', '2025-01-15 00:00:00'), ('var-cetaphil-003-2', 'prod-cetaphil-003', 'CET-ML-473ml', 'Cetaphil Moisturizing Lotion - 473ml', 1750, 2500, 55, '473ml', 1, 1, 10, 5, 20, 'USA', 1050, 1050, '2025-01-15 00:00:00', '2025-01-15 00:00:00');
-- Cetaphil Baby Lotion
INSERT OR REPLACE INTO "products" (id, name, slug, description, categoryId, price, basePrice, comparePrice, stock, isActive, hasVariants, brandId, brandName, countryOfOrigin, availableSizes, totalCost, averageCost, createdAt, updatedAt) VALUES ('prod-cetaphil-004', 'Cetaphil Baby Lotion', 'cetaphil-baby-lotion', 'Gentle baby lotion for delicate skin. Hypoallergenic.', 'cat-baby-lotion', 950, 950, 1400, 50, 1, 1, 'brand-103', 'Cetaphil', 'USA', '["200ml","400ml"]', 570, 570, '2025-01-15 00:00:00', '2025-01-15 00:00:00');
INSERT OR REPLACE INTO "product_variants" (id, productId, sku, name, price, comparePrice, stock, size, isActive, isDefault, lowStockAlert, reorderLevel, reorderQty, countryOfOrigin, totalCost, averageCost, createdAt, updatedAt) VALUES ('var-cetaphil-004-1', 'prod-cetaphil-004', 'CET-BL-200ml', 'Cetaphil Baby Lotion - 200ml', 550, 800, 50, '200ml', 1, 0, 10, 5, 20, 'USA', 330, 330, '2025-01-15 00:00:00', '2025-01-15 00:00:00'), ('var-cetaphil-004-2', 'prod-cetaphil-004', 'CET-BL-400ml', 'Cetaphil Baby Lotion - 400ml', 950, 1400, 50, '400ml', 1, 1, 10, 5, 20, 'USA', 570, 570, '2025-01-15 00:00:00', '2025-01-15 00:00:00');
-- Cetaphil Baby Wash & Shampoo
INSERT OR REPLACE INTO "products" (id, name, slug, description, categoryId, price, basePrice, comparePrice, stock, isActive, hasVariants, brandId, brandName, countryOfOrigin, availableSizes, totalCost, averageCost, createdAt, updatedAt) VALUES ('prod-cetaphil-005', 'Cetaphil Baby Wash & Shampoo', 'cetaphil-baby-wash-shampoo', 'Gentle 2-in-1 wash and shampoo for baby. Tear-free.', 'cat-baby-wash', 950, 950, 1400, 52, 1, 1, 'brand-103', 'Cetaphil', 'USA', '["200ml","400ml"]', 570, 570, '2025-01-15 00:00:00', '2025-01-15 00:00:00');
INSERT OR REPLACE INTO "product_variants" (id, productId, sku, name, price, comparePrice, stock, size, isActive, isDefault, lowStockAlert, reorderLevel, reorderQty, countryOfOrigin, totalCost, averageCost, createdAt, updatedAt) VALUES ('var-cetaphil-005-1', 'prod-cetaphil-005', 'CET-BWS-200ml', 'Cetaphil Baby Wash & Shampoo - 200ml', 550, 800, 52, '200ml', 1, 0, 10, 5, 20, 'USA', 330, 330, '2025-01-15 00:00:00', '2025-01-15 00:00:00'), ('var-cetaphil-005-2', 'prod-cetaphil-005', 'CET-BWS-400ml', 'Cetaphil Baby Wash & Shampoo - 400ml', 950, 1400, 52, '400ml', 1, 1, 10, 5, 20, 'USA', 570, 570, '2025-01-15 00:00:00', '2025-01-15 00:00:00');
-- Cetaphil Gentle Makeup Remover
INSERT OR REPLACE INTO "products" (id, name, slug, description, categoryId, price, basePrice, comparePrice, stock, isActive, hasVariants, brandId, brandName, countryOfOrigin, availableSizes, totalCost, averageCost, createdAt, updatedAt) VALUES ('prod-cetaphil-006', 'Cetaphil Gentle Makeup Remover', 'cetaphil-gentle-makeup-remover', 'Gentle makeup remover for waterproof makeup.', 'cat-makeup', 1450, 1450, 2100, 45, 1, 1, 'brand-103', 'Cetaphil', 'USA', '["125ml"]', 870, 870, '2025-01-15 00:00:00', '2025-01-15 00:00:00');
INSERT OR REPLACE INTO "product_variants" (id, productId, sku, name, price, comparePrice, stock, size, isActive, isDefault, lowStockAlert, reorderLevel, reorderQty, countryOfOrigin, totalCost, averageCost, createdAt, updatedAt) VALUES ('var-cetaphil-006-1', 'prod-cetaphil-006', 'CET-GMR-125ml', 'Cetaphil Gentle Makeup Remover - 125ml', 1450, 2100, 45, '125ml', 1, 1, 10, 5, 20, 'USA', 870, 870, '2025-01-15 00:00:00', '2025-01-15 00:00:00');
-- Cetaphil Pro Oil Control Foam Wash
INSERT OR REPLACE INTO "products" (id, name, slug, description, categoryId, price, basePrice, comparePrice, stock, isActive, hasVariants, brandId, brandName, countryOfOrigin, availableSizes, totalCost, averageCost, createdAt, updatedAt) VALUES ('prod-cetaphil-007', 'Cetaphil Pro Oil Control Foam Wash', 'cetaphil-pro-oil-control-foam-wash', 'Oil control foam wash for oily skin. Zinc technology.', 'cat-face-wash', 1650, 1650, 2400, 48, 1, 1, 'brand-103', 'Cetaphil', 'USA', '["236ml"]', 990, 990, '2025-01-15 00:00:00', '2025-01-15 00:00:00');
INSERT OR REPLACE INTO "product_variants" (id, productId, sku, name, price, comparePrice, stock, size, isActive, isDefault, lowStockAlert, reorderLevel, reorderQty, countryOfOrigin, totalCost, averageCost, createdAt, updatedAt) VALUES ('var-cetaphil-007-1', 'prod-cetaphil-007', 'CET-PPOCFW-236ml', 'Cetaphil Pro Oil Control Foam Wash - 236ml', 1650, 2400, 48, '236ml', 1, 1, 10, 5, 20, 'USA', 990, 990, '2025-01-15 00:00:00', '2025-01-15 00:00:00');
-- Cetaphil Pro Skin Restoring Moisturizer
INSERT OR REPLACE INTO "products" (id, name, slug, description, categoryId, price, basePrice, comparePrice, stock, isActive, hasVariants, brandId, brandName, countryOfOrigin, availableSizes, totalCost, averageCost, createdAt, updatedAt) VALUES ('prod-cetaphil-008', 'Cetaphil Pro Skin Restoring Moisturizer', 'cetaphil-pro-skin-restoring-moisturizer', 'Skin restoring moisturizer with ceramides.', 'cat-moisturizer', 1950, 1950, 2800, 45, 1, 1, 'brand-103', 'Cetaphil', 'USA', '["89ml"]', 1170, 1170, '2025-01-15 00:00:00', '2025-01-15 00:00:00');
INSERT OR REPLACE INTO "product_variants" (id, productId, sku, name, price, comparePrice, stock, size, isActive, isDefault, lowStockAlert, reorderLevel, reorderQty, countryOfOrigin, totalCost, averageCost, createdAt, updatedAt) VALUES ('var-cetaphil-008-1', 'prod-cetaphil-008', 'CET-PSRM-89ml', 'Cetaphil Pro Skin Restoring Moisturizer - 89ml', 1950, 2800, 45, '89ml', 1, 1, 10, 5, 20, 'USA', 1170, 1170, '2025-01-15 00:00:00', '2025-01-15 00:00:00');
-- ============================================
-- CLEAR PRODUCTS
-- ============================================
-- Clear Anti-Dandruff Shampoo Cool Sport Menthol
INSERT OR REPLACE INTO "products" (id, name, slug, description, categoryId, price, basePrice, comparePrice, stock, isActive, hasVariants, brandId, brandName, countryOfOrigin, availableSizes, totalCost, averageCost, createdAt, updatedAt) VALUES ('prod-clear-001', 'Clear Anti-Dandruff Shampoo Cool Sport Menthol', 'clear-anti-dandruff-shampoo-cool-sport-menthol', 'Cooling anti-dandruff shampoo with menthol for men.', 'cat-shampoo', 450, 450, 700, 60, 1, 1, 'brand-104', 'Clear', 'USA', '["170ml","340ml","400ml"]', 270, 270, '2025-01-15 00:00:00', '2025-01-15 00:00:00');
INSERT OR REPLACE INTO "product_variants" (id, productId, sku, name, price, comparePrice, stock, size, isActive, isDefault, lowStockAlert, reorderLevel, reorderQty, countryOfOrigin, totalCost, averageCost, createdAt, updatedAt) VALUES ('var-clear-001-1', 'prod-clear-001', 'CLR-ADSCSM-170ml', 'Clear Anti-Dandruff Shampoo Cool Sport Menthol - 170ml', 250, 400, 60, '170ml', 1, 0, 10, 5, 20, 'USA', 150, 150, '2025-01-15 00:00:00', '2025-01-15 00:00:00'), ('var-clear-001-2', 'prod-clear-001', 'CLR-ADSCSM-340ml', 'Clear Anti-Dandruff Shampoo Cool Sport Menthol - 340ml', 450, 700, 60, '340ml', 1, 1, 10, 5, 20, 'USA', 270, 270, '2025-01-15 00:00:00', '2025-01-15 00:00:00'), ('var-clear-001-3', 'prod-clear-001', 'CLR-ADSCSM-400ml', 'Clear Anti-Dandruff Shampoo Cool Sport Menthol - 400ml', 550, 850, 60, '400ml', 1, 0, 10, 5, 20, 'USA', 330, 330, '2025-01-15 00:00:00', '2025-01-15 00:00:00');
-- Clear Anti-Dandruff Shampoo Complete Care
INSERT OR REPLACE INTO "products" (id, name, slug, description, categoryId, price, basePrice, comparePrice, stock, isActive, hasVariants, brandId, brandName, countryOfOrigin, availableSizes, totalCost, averageCost, createdAt, updatedAt) VALUES ('prod-clear-002', 'Clear Anti-Dandruff Shampoo Complete Care', 'clear-anti-dandruff-shampoo-complete-care', 'Complete care anti-dandruff shampoo for all hair types.', 'cat-shampoo', 470, 470, 720, 58, 1, 1, 'brand-104', 'Clear', 'USA', '["170ml","340ml","400ml"]', 282, 282, '2025-01-15 00:00:00', '2025-01-15 00:00:00');
INSERT OR REPLACE INTO "product_variants" (id, productId, sku, name, price, comparePrice, stock, size, isActive, isDefault, lowStockAlert, reorderLevel, reorderQty, countryOfOrigin, totalCost, averageCost, createdAt, updatedAt) VALUES ('var-clear-002-1', 'prod-clear-002', 'CLR-ADSCC-170ml', 'Clear Anti-Dandruff Shampoo Complete Care - 170ml', 270, 420, 58, '170ml', 1, 0, 10, 5, 20, 'USA', 162, 162, '2025-01-15 00:00:00', '2025-01-15 00:00:00'), ('var-clear-002-2', 'prod-clear-002', 'CLR-ADSCC-340ml', 'Clear Anti-Dandruff Shampoo Complete Care - 340ml', 470, 720, 58, '340ml', 1, 1, 10, 5, 20, 'USA', 282, 282, '2025-01-15 00:00:00', '2025-01-15 00:00:00'), ('var-clear-002-3', 'prod-clear-002', 'CLR-ADSCC-400ml', 'Clear Anti-Dandruff Shampoo Complete Care - 400ml', 580, 880, 58, '400ml', 1, 0, 10, 5, 20, 'USA', 348, 348, '2025-01-15 00:00:00', '2025-01-15 00:00:00');
-- Clear Anti-Dandruff Shampoo Ultra Strong
INSERT OR REPLACE INTO "products" (id, name, slug, description, categoryId, price, basePrice, comparePrice, stock, isActive, hasVariants, brandId, brandName, countryOfOrigin, availableSizes, totalCost, averageCost, createdAt, updatedAt) VALUES ('prod-clear-003', 'Clear Anti-Dandruff Shampoo Ultra Strong', 'clear-anti-dandruff-shampoo-ultra-strong', 'Ultra strong anti-dandruff shampoo for persistent dandruff.', 'cat-shampoo', 480, 480, 750, 55, 1, 1, 'brand-104', 'Clear', 'USA', '["170ml","340ml","400ml"]', 288, 288, '2025-01-15 00:00:00', '2025-01-15 00:00:00');
INSERT OR REPLACE INTO "product_variants" (id, productId, sku, name, price, comparePrice, stock, size, isActive, isDefault, lowStockAlert, reorderLevel, reorderQty, countryOfOrigin, totalCost, averageCost, createdAt, updatedAt) VALUES ('var-clear-003-1', 'prod-clear-003', 'CLR-ADSUS-170ml', 'Clear Anti-Dandruff Shampoo Ultra Strong - 170ml', 280, 450, 55, '170ml', 1, 0, 10, 5, 20, 'USA', 168, 168, '2025-01-15 00:00:00', '2025-01-15 00:00:00'), ('var-clear-003-2', 'prod-clear-003', 'CLR-ADSUS-340ml', 'Clear Anti-Dandruff Shampoo Ultra Strong - 340ml', 480, 750, 55, '340ml', 1, 1, 10, 5, 20, 'USA', 288, 288, '2025-01-15 00:00:00', '2025-01-15 00:00:00'), ('var-clear-003-3', 'prod-clear-003', 'CLR-ADSUS-400ml', 'Clear Anti-Dandruff Shampoo Ultra Strong - 400ml', 600, 900, 55, '400ml', 1, 0, 10, 5, 20, 'USA', 360, 360, '2025-01-15 00:00:00', '2025-01-15 00:00:00');
-- Clear Anti-Dandruff Shampoo Scalp & Hair Beauty
INSERT OR REPLACE INTO "products" (id, name, slug, description, categoryId, price, basePrice, comparePrice, stock, isActive, hasVariants, brandId, brandName, countryOfOrigin, availableSizes, totalCost, averageCost, createdAt, updatedAt) VALUES ('prod-clear-004', 'Clear Anti-Dandruff Shampoo Scalp & Hair Beauty', 'clear-anti-dandruff-shampoo-scalp-hair-beauty', 'Nourishing anti-dandruff shampoo for beautiful scalp and hair.', 'cat-shampoo', 470, 470, 720, 58, 1, 1, 'brand-104', 'Clear', 'USA', '["170ml","340ml","400ml"]', 282, 282, '2025-01-15 00:00:00', '2025-01-15 00:00:00');
INSERT OR REPLACE INTO "product_variants" (id, productId, sku, name, price, comparePrice, stock, size, isActive, isDefault, lowStockAlert, reorderLevel, reorderQty, countryOfOrigin, totalCost, averageCost, createdAt, updatedAt) VALUES ('var-clear-004-1', 'prod-clear-004', 'CLR-ADSSHB-170ml', 'Clear Anti-Dandruff Shampoo Scalp & Hair Beauty - 170ml', 270, 420, 58, '170ml', 1, 0, 10, 5, 20, 'USA', 162, 162, '2025-01-15 00:00:00', '2025-01-15 00:00:00'), ('var-clear-004-2', 'prod-clear-004', 'CLR-ADSSHB-340ml', 'Clear Anti-Dandruff Shampoo Scalp & Hair Beauty - 340ml', 470, 720, 58, '340ml', 1, 1, 10, 5, 20, 'USA', 282, 282, '2025-01-15 00:00:00', '2025-01-15 00:00:00'), ('var-clear-004-3', 'prod-clear-004', 'CLR-ADSSHB-400ml', 'Clear Anti-Dandruff Shampoo Scalp & Hair Beauty - 400ml', 580, 880, 58, '400ml', 1, 0, 10, 5, 20, 'USA', 348, 348, '2025-01-15 00:00:00', '2025-01-15 00:00:00');
-- Clear Ice Cool Menthol Shampoo
INSERT OR REPLACE INTO "products" (id, name, slug, description, categoryId, price, basePrice, comparePrice, stock, isActive, hasVariants, brandId, brandName, countryOfOrigin, availableSizes, totalCost, averageCost, createdAt, updatedAt) VALUES ('prod-clear-005', 'Clear Ice Cool Menthol Shampoo', 'clear-ice-cool-menthol-shampoo', 'Refreshing shampoo with ice cool menthol for men.', 'cat-shampoo', 460, 460, 710, 55, 1, 1, 'brand-104', 'Clear', 'USA', '["170ml","340ml","400ml"]', 276, 276, '2025-01-15 00:00:00', '2025-01-15 00:00:00');
INSERT OR REPLACE INTO "product_variants" (id, productId, sku, name, price, comparePrice, stock, size, isActive, isDefault, lowStockAlert, reorderLevel, reorderQty, countryOfOrigin, totalCost, averageCost, createdAt, updatedAt) VALUES ('var-clear-005-1', 'prod-clear-005', 'CLR-ICM-170ml', 'Clear Ice Cool Menthol Shampoo - 170ml', 270, 420, 55, '170ml', 1, 0, 10, 5, 20, 'USA', 162, 162, '2025-01-15 00:00:00', '2025-01-15 00:00:00'), ('var-clear-005-2', 'prod-clear-005', 'CLR-ICM-340ml', 'Clear Ice Cool Menthol Shampoo - 340ml', 460, 710, 55, '340ml', 1, 1, 10, 5, 20, 'USA', 276, 276, '2025-01-15 00:00:00', '2025-01-15 00:00:00'), ('var-clear-005-3', 'prod-clear-005', 'CLR-ICM-400ml', 'Clear Ice Cool Menthol Shampoo - 400ml', 570, 870, 55, '400ml', 1, 0, 10, 5, 20, 'USA', 342, 342, '2025-01-15 00:00:00', '2025-01-15 00:00:00');
-- ============================================
-- DOVE PRODUCTS
-- ============================================
-- Dove Deep Moisture Body Wash
INSERT OR REPLACE INTO "products" (id, name, slug, description, categoryId, price, basePrice, comparePrice, stock, isActive, hasVariants, brandId, brandName, countryOfOrigin, availableSizes, totalCost, averageCost, createdAt, updatedAt) VALUES ('prod-dove-001', 'Dove Deep Moisture Body Wash', 'dove-deep-moisture-body-wash', 'Deep moisture body wash with NutriumMoisture for soft skin.', 'cat-body-wash', 450, 450, 700, 65, 1, 1, 'brand-105', 'Dove', 'USA', '["250ml","500ml","750ml","1L"]', 270, 270, '2025-01-15 00:00:00', '2025-01-15 00:00:00');
INSERT OR REPLACE INTO "product_variants" (id, productId, sku, name, price, comparePrice, stock, size, isActive, isDefault, lowStockAlert, reorderLevel, reorderQty, countryOfOrigin, totalCost, averageCost, createdAt, updatedAt) VALUES ('var-dove-001-1', 'prod-dove-001', 'DV-DMBW-250ml', 'Dove Deep Moisture Body Wash - 250ml', 250, 400, 65, '250ml', 1, 0, 10, 5, 20, 'USA', 150, 150, '2025-01-15 00:00:00', '2025-01-15 00:00:00'), ('var-dove-001-2', 'prod-dove-001', 'DV-DMBW-500ml', 'Dove Deep Moisture Body Wash - 500ml', 450, 700, 65, '500ml', 1, 1, 10, 5, 20, 'USA', 270, 270, '2025-01-15 00:00:00', '2025-01-15 00:00:00'), ('var-dove-001-3', 'prod-dove-001', 'DV-DMBW-750ml', 'Dove Deep Moisture Body Wash - 750ml', 650, 1000, 65, '750ml', 1, 0, 10, 5, 20, 'USA', 390, 390, '2025-01-15 00:00:00', '2025-01-15 00:00:00'), ('var-dove-001-4', 'prod-dove-001', 'DV-DMBW-1L', 'Dove Deep Moisture Body Wash - 1L', 850, 1300, 65, '1L', 1, 0, 10, 5, 20, 'USA', 510, 510, '2025-01-15 00:00:00', '2025-01-15 00:00:00');
-- Dove Beauty Bar Original
INSERT OR REPLACE INTO "products" (id, name, slug, description, categoryId, price, basePrice, comparePrice, stock, isActive, hasVariants, brandId, brandName, countryOfOrigin, availableSizes, totalCost, averageCost, createdAt, updatedAt) VALUES ('prod-dove-002', 'Dove Beauty Bar Original', 'dove-beauty-bar-original', 'Original beauty bar with 1/4 moisturizing cream.', 'cat-body-wash', 220, 220, 350, 70, 1, 1, 'brand-105', 'Dove', 'USA', '["106g","135g"]', 132, 132, '2025-01-15 00:00:00', '2025-01-15 00:00:00');
INSERT OR REPLACE INTO "product_variants" (id, productId, sku, name, price, comparePrice, stock, size, isActive, isDefault, lowStockAlert, reorderLevel, reorderQty, countryOfOrigin, totalCost, averageCost, createdAt, updatedAt) VALUES ('var-dove-002-1', 'prod-dove-002', 'DV-BBO-106g', 'Dove Beauty Bar Original - 106g', 150, 240, 70, '106g', 1, 0, 10, 5, 20, 'USA', 90, 90, '2025-01-15 00:00:00', '2025-01-15 00:00:00'), ('var-dove-002-2', 'prod-dove-002', 'DV-BBO-135g', 'Dove Beauty Bar Original - 135g', 220, 350, 70, '135g', 1, 1, 10, 5, 20, 'USA', 132, 132, '2025-01-15 00:00:00', '2025-01-15 00:00:00');
-- Dove Intensive Repair Body Wash
INSERT OR REPLACE INTO "products" (id, name, slug, description, categoryId, price, basePrice, comparePrice, stock, isActive, hasVariants, brandId, brandName, countryOfOrigin, availableSizes, totalCost, averageCost, createdAt, updatedAt) VALUES ('prod-dove-003', 'Dove Intensive Repair Body Wash', 'dove-intensive-repair-body-wash', 'Repairing body wash for dry skin with Keratin Repair Actives.', 'cat-body-wash', 480, 480, 750, 58, 1, 1, 'brand-105', 'Dove', 'USA', '["250ml","500ml","750ml"]', 288, 288, '2025-01-15 00:00:00', '2025-01-15 00:00:00');
INSERT OR REPLACE INTO "product_variants" (id, productId, sku, name, price, comparePrice, stock, size, isActive, isDefault, lowStockAlert, reorderLevel, reorderQty, countryOfOrigin, totalCost, averageCost, createdAt, updatedAt) VALUES ('var-dove-003-1', 'prod-dove-003', 'DV-IRBW-250ml', 'Dove Intensive Repair Body Wash - 250ml', 270, 420, 58, '250ml', 1, 0, 10, 5, 20, 'USA', 162, 162, '2025-01-15 00:00:00', '2025-01-15 00:00:00'), ('var-dove-003-2', 'prod-dove-003', 'DV-IRBW-500ml', 'Dove Intensive Repair Body Wash - 500ml', 480, 750, 58, '500ml', 1, 1, 10, 5, 20, 'USA', 288, 288, '2025-01-15 00:00:00', '2025-01-15 00:00:00'), ('var-dove-003-3', 'prod-dove-003', 'DV-IRBW-750ml', 'Dove Intensive Repair Body Wash - 750ml', 680, 1050, 58, '750ml', 1, 0, 10, 5, 20, 'USA', 408, 408, '2025-01-15 00:00:00', '2025-01-15 00:00:00');
-- Dove Exfoliating Body Polish Scrub
INSERT OR REPLACE INTO "products" (id, name, slug, description, categoryId, price, basePrice, comparePrice, stock, isActive, hasVariants, brandId, brandName, countryOfOrigin, availableSizes, totalCost, averageCost, createdAt, updatedAt) VALUES ('prod-dove-004', 'Dove Exfoliating Body Polish Scrub', 'dove-exfoliating-body-polish-scrub', 'Exfoliating body polish with pomegranate seeds and macadamia oil.', 'cat-face-scrub', 850, 850, 1250, 50, 1, 1, 'brand-105', 'Dove', 'USA', '["250g","380g"]', 510, 510, '2025-01-15 00:00:00', '2025-01-15 00:00:00');
INSERT OR REPLACE INTO "product_variants" (id, productId, sku, name, price, comparePrice, stock, size, isActive, isDefault, lowStockAlert, reorderLevel, reorderQty, countryOfOrigin, totalCost, averageCost, createdAt, updatedAt) VALUES ('var-dove-004-1', 'prod-dove-004', 'DV-EBPS-250g', 'Dove Exfoliating Body Polish Scrub - 250g', 550, 800, 50, '250g', 1, 0, 10, 5, 20, 'USA', 330, 330, '2025-01-15 00:00:00', '2025-01-15 00:00:00'), ('var-dove-004-2', 'prod-dove-004', 'DV-EBPS-380g', 'Dove Exfoliating Body Polish Scrub - 380g', 850, 1250, 50, '380g', 1, 1, 10, 5, 20, 'USA', 510, 510, '2025-01-15 00:00:00', '2025-01-15 00:00:00');
-- Dove Nourishing Secrets Body Wash
INSERT OR REPLACE INTO "products" (id, name, slug, description, categoryId, price, basePrice, comparePrice, stock, isActive, hasVariants, brandId, brandName, countryOfOrigin, availableSizes, totalCost, averageCost, createdAt, updatedAt) VALUES ('prod-dove-005', 'Dove Nourishing Secrets Body Wash', 'dove-nourishing-secrets-body-wash', 'Nourishing body wash with coconut oil and Japanese cherry blossom.', 'cat-body-wash', 490, 490, 760, 60, 1, 1, 'brand-105', 'Dove', 'USA', '["250ml","500ml","750ml"]', 294, 294, '2025-01-15 00:00:00', '2025-01-15 00:00:00');
INSERT OR REPLACE INTO "product_variants" (id, productId, sku, name, price, comparePrice, stock, size, isActive, isDefault, lowStockAlert, reorderLevel, reorderQty, countryOfOrigin, totalCost, averageCost, createdAt, updatedAt) VALUES ('var-dove-005-1', 'prod-dove-005', 'DV-NSBW-250ml', 'Dove Nourishing Secrets Body Wash - 250ml', 280, 430, 60, '250ml', 1, 0, 10, 5, 20, 'USA', 168, 168, '2025-01-15 00:00:00', '2025-01-15 00:00:00'), ('var-dove-005-2', 'prod-dove-005', 'DV-NSBW-500ml', 'Dove Nourishing Secrets Body Wash - 500ml', 490, 760, 60, '500ml', 1, 1, 10, 5, 20, 'USA', 294, 294, '2025-01-15 00:00:00', '2025-01-15 00:00:00'), ('var-dove-005-3', 'prod-dove-005', 'DV-NSBW-750ml', 'Dove Nourishing Secrets Body Wash - 750ml', 700, 1100, 60, '750ml', 1, 0, 10, 5, 20, 'USA', 420, 420, '2025-01-15 00:00:00', '2025-01-15 00:00:00');
-- Dove Beauty Cream Bar
INSERT OR REPLACE INTO "products" (id, name, slug, description, categoryId, price, basePrice, comparePrice, stock, isActive, hasVariants, brandId, brandName, countryOfOrigin, availableSizes, totalCost, averageCost, createdAt, updatedAt) VALUES ('prod-dove-006', 'Dove Beauty Cream Bar', 'dove-beauty-cream-bar', 'Cream beauty bar with 1/4 moisturizing cream.', 'cat-body-wash', 240, 240, 380, 68, 1, 1, 'brand-105', 'Dove', 'USA', '["106g","135g"]', 144, 144, '2025-01-15 00:00:00', '2025-01-15 00:00:00');
INSERT OR REPLACE INTO "product_variants" (id, productId, sku, name, price, comparePrice, stock, size, isActive, isDefault, lowStockAlert, reorderLevel, reorderQty, countryOfOrigin, totalCost, averageCost, createdAt, updatedAt) VALUES ('var-dove-006-1', 'prod-dove-006', 'DV-BCB-106g', 'Dove Beauty Cream Bar - 106g', 170, 270, 68, '106g', 1, 0, 10, 5, 20, 'USA', 102, 102, '2025-01-15 00:00:00', '2025-01-15 00:00:00'), ('var-dove-006-2', 'prod-dove-006', 'DV-BCB-135g', 'Dove Beauty Cream Bar - 135g', 240, 380, 68, '135g', 1, 1, 10, 5, 20, 'USA', 144, 144, '2025-01-15 00:00:00', '2025-01-15 00:00:00');
-- Dove Daily Moisture Body Wash
INSERT OR REPLACE INTO "products" (id, name, slug, description, categoryId, price, basePrice, comparePrice, stock, isActive, hasVariants, brandId, brandName, countryOfOrigin, availableSizes, totalCost, averageCost, createdAt, updatedAt) VALUES ('prod-dove-007', 'Dove Daily Moisture Body Wash', 'dove-daily-moisture-body-wash', 'Daily moisture body wash for normal skin.', 'cat-body-wash', 440, 440, 680, 62, 1, 1, 'brand-105', 'Dove', 'USA', '["250ml","500ml","750ml"]', 264, 264, '2025-01-15 00:00:00', '2025-01-15 00:00:00');
INSERT OR REPLACE INTO "product_variants" (id, productId, sku, name, price, comparePrice, stock, size, isActive, isDefault, lowStockAlert, reorderLevel, reorderQty, countryOfOrigin, totalCost, averageCost, createdAt, updatedAt) VALUES ('var-dove-007-1', 'prod-dove-007', 'DV-DMBW-250ml', 'Dove Daily Moisture Body Wash - 250ml', 260, 400, 62, '250ml', 1, 0, 10, 5, 20, 'USA', 156, 156, '2025-01-15 00:00:00', '2025-01-15 00:00:00'), ('var-dove-007-2', 'prod-dove-007', 'DV-DMBW-500ml', 'Dove Daily Moisture Body Wash - 500ml', 440, 680, 62, '500ml', 1, 1, 10, 5, 20, 'USA', 264, 264, '2025-01-15 00:00:00', '2025-01-15 00:00:00'), ('var-dove-007-3', 'prod-dove-007', 'DV-DMBW-750ml', 'Dove Daily Moisture Body Wash - 750ml', 650, 1000, 62, '750ml', 1, 0, 10, 5, 20, 'USA', 390, 390, '2025-01-15 00:00:00', '2025-01-15 00:00:00');
-- ============================================
-- ENCHANTEUR PRODUCTS
-- ============================================
-- Enchanteur Romantic Perfumed Body Spray
INSERT OR REPLACE INTO "products" (id, name, slug, description, categoryId, price, basePrice, comparePrice, stock, isActive, hasVariants, brandId, brandName, countryOfOrigin, availableSizes, totalCost, averageCost, createdAt, updatedAt) VALUES ('prod-enchanteur-001', 'Enchanteur Romantic Perfumed Body Spray', 'enchanteur-romantic-perfumed-body-spray', 'Romantic floral fragrance body spray for women.', 'cat-personal-care', 250, 250, 380, 70, 1, 1, 'brand-106', 'Enchanteur', 'France', '["150ml"]', 150, 150, '2025-01-15 00:00:00', '2025-01-15 00:00:00');
INSERT OR REPLACE INTO "product_variants" (id, productId, sku, name, price, comparePrice, stock, size, isActive, isDefault, lowStockAlert, reorderLevel, reorderQty, countryOfOrigin, totalCost, averageCost, createdAt, updatedAt) VALUES ('var-enchanteur-001-1', 'prod-enchanteur-001', 'ENC-RPBS-150ml', 'Enchanteur Romantic Perfumed Body Spray - 150ml', 250, 380, 70, '150ml', 1, 1, 10, 5, 20, 'France', 150, 150, '2025-01-15 00:00:00', '2025-01-15 00:00:00');
-- Enchanteur Lovely Perfumed Body Spray
INSERT OR REPLACE INTO "products" (id, name, slug, description, categoryId, price, basePrice, comparePrice, stock, isActive, hasVariants, brandId, brandName, countryOfOrigin, availableSizes, totalCost, averageCost, createdAt, updatedAt) VALUES ('prod-enchanteur-002', 'Enchanteur Lovely Perfumed Body Spray', 'enchanteur-lovely-perfumed-body-spray', 'Lovely floral fragrance body spray for women.', 'cat-personal-care', 250, 250, 380, 68, 1, 1, 'brand-106', 'Enchanteur', 'France', '["150ml"]', 150, 150, '2025-01-15 00:00:00', '2025-01-15 00:00:00');
INSERT OR REPLACE INTO "product_variants" (id, productId, sku, name, price, comparePrice, stock, size, isActive, isDefault, lowStockAlert, reorderLevel, reorderQty, countryOfOrigin, totalCost, averageCost, createdAt, updatedAt) VALUES ('var-enchanteur-002-1', 'prod-enchanteur-002', 'ENC-LPBS-150ml', 'Enchanteur Lovely Perfumed Body Spray - 150ml', 250, 380, 68, '150ml', 1, 1, 10, 5, 20, 'France', 150, 150, '2025-01-15 00:00:00', '2025-01-15 00:00:00');
-- Enchanteur Magic Perfumed Body Spray
INSERT OR REPLACE INTO "products" (id, name, slug, description, categoryId, price, basePrice, comparePrice, stock, isActive, hasVariants, brandId, brandName, countryOfOrigin, availableSizes, totalCost, averageCost, createdAt, updatedAt) VALUES ('prod-enchanteur-003', 'Enchanteur Magic Perfumed Body Spray', 'enchanteur-magic-perfumed-body-spray', 'Magic fruity fragrance body spray for women.', 'cat-personal-care', 250, 250, 380, 72, 1, 1, 'brand-106', 'Enchanteur', 'France', '["150ml"]', 150, 150, '2025-01-15 00:00:00', '2025-01-15 00:00:00');
INSERT OR REPLACE INTO "product_variants" (id, productId, sku, name, price, comparePrice, stock, size, isActive, isDefault, lowStockAlert, reorderLevel, reorderQty, countryOfOrigin, totalCost, averageCost, createdAt, updatedAt) VALUES ('var-enchanteur-003-1', 'prod-enchanteur-003', 'ENC-MPBS-150ml', 'Enchanteur Magic Perfumed Body Spray - 150ml', 250, 380, 72, '150ml', 1, 1, 10, 5, 20, 'France', 150, 150, '2025-01-15 00:00:00', '2025-01-15 00:00:00');
-- Enchanteur Exclusive Perfumed Body Spray
INSERT OR REPLACE INTO "products" (id, name, slug, description, categoryId, price, basePrice, comparePrice, stock, isActive, hasVariants, brandId, brandName, countryOfOrigin, availableSizes, totalCost, averageCost, createdAt, updatedAt) VALUES ('prod-enchanteur-004', 'Enchanteur Exclusive Perfumed Body Spray', 'enchanteur-exclusive-perfumed-body-spray', 'Exclusive luxurious fragrance body spray for women.', 'cat-personal-care', 270, 270, 420, 65, 1, 1, 'brand-106', 'Enchanteur', 'France', '["150ml"]', 162, 162, '2025-01-15 00:00:00', '2025-01-15 00:00:00');
INSERT OR REPLACE INTO "product_variants" (id, productId, sku, name, price, comparePrice, stock, size, isActive, isDefault, lowStockAlert, reorderLevel, reorderQty, countryOfOrigin, totalCost, averageCost, createdAt, updatedAt) VALUES ('var-enchanteur-004-1', 'prod-enchanteur-004', 'ENC-EPBS-150ml', 'Enchanteur Exclusive Perfumed Body Spray - 150ml', 270, 420, 65, '150ml', 1, 1, 10, 5, 20, 'France', 162, 162, '2025-01-15 00:00:00', '2025-01-15 00:00:00');
-- Enchanteur Charm Perfumed Body Spray
INSERT OR REPLACE INTO "products" (id, name, slug, description, categoryId, price, basePrice, comparePrice, stock, isActive, hasVariants, brandId, brandName, countryOfOrigin, availableSizes, totalCost, averageCost, createdAt, updatedAt) VALUES ('prod-enchanteur-005', 'Enchanteur Charm Perfumed Body Spray', 'enchanteur-charm-perfumed-body-spray', 'Charming floral fragrance body spray for women.', 'cat-personal-care', 250, 250, 380, 70, 1, 1, 'brand-106', 'Enchanteur', 'France', '["150ml"]', 150, 150, '2025-01-15 00:00:00', '2025-01-15 00:00:00');
INSERT OR REPLACE INTO "product_variants" (id, productId, sku, name, price, comparePrice, stock, size, isActive, isDefault, lowStockAlert, reorderLevel, reorderQty, countryOfOrigin, totalCost, averageCost, createdAt, updatedAt) VALUES ('var-enchanteur-005-1', 'prod-enchanteur-005', 'ENC-CPBS-150ml', 'Enchanteur Charm Perfumed Body Spray - 150ml', 250, 380, 70, '150ml', 1, 1, 10, 5, 20, 'France', 150, 150, '2025-01-15 00:00:00', '2025-01-15 00:00:00');
-- ============================================
-- GATSBY PRODUCTS
-- ============================================
-- GATSBY Moving Rubber Spiky Edge Hair Wax
INSERT OR REPLACE INTO "products" (id, name, slug, description, categoryId, price, basePrice, comparePrice, stock, isActive, hasVariants, brandId, brandName, countryOfOrigin, availableSizes, totalCost, averageCost, createdAt, updatedAt) VALUES ('prod-gatsby-001', 'GATSBY Moving Rubber Spiky Edge Hair Wax', 'gatsby-moving-rubber-spiky-edge-hair-wax', 'Spiky edge hair wax for styling spiky hairstyle.', 'cat-hair-wax', 550, 550, 800, 65, 1, 1, 'brand-107', 'GATSBY', 'Japan', '["80g"]', 330, 330, '2025-01-15 00:00:00', '2025-01-15 00:00:00');
INSERT OR REPLACE INTO "product_variants" (id, productId, sku, name, price, comparePrice, stock, size, isActive, isDefault, lowStockAlert, reorderLevel, reorderQty, countryOfOrigin, totalCost, averageCost, createdAt, updatedAt) VALUES ('var-gatsby-001-1', 'prod-gatsby-001', 'GST-MRSE-80g', 'GATSBY Moving Rubber Spiky Edge Hair Wax - 80g', 550, 800, 65, '80g', 1, 1, 10, 5, 20, 'Japan', 330, 330, '2025-01-15 00:00:00', '2025-01-15 00:00:00');
-- GATSBY Moving Rubber Wild Shake Hair Wax
INSERT OR REPLACE INTO "products" (id, name, slug, description, categoryId, price, basePrice, comparePrice, stock, isActive, hasVariants, brandId, brandName, countryOfOrigin, availableSizes, totalCost, averageCost, createdAt, updatedAt) VALUES ('prod-gatsby-002', 'GATSBY Moving Rubber Wild Shake Hair Wax', 'gatsby-moving-rubber-wild-shake-hair-wax', 'Wild shake hair wax for messy natural hairstyle.', 'cat-hair-wax', 550, 550, 800, 62, 1, 1, 'brand-107', 'GATSBY', 'Japan', '["80g"]', 330, 330, '2025-01-15 00:00:00', '2025-01-15 00:00:00');
INSERT OR REPLACE INTO "product_variants" (id, productId, sku, name, price, comparePrice, stock, size, isActive, isDefault, lowStockAlert, reorderLevel, reorderQty, countryOfOrigin, totalCost, averageCost, createdAt, updatedAt) VALUES ('var-gatsby-002-1', 'prod-gatsby-002', 'GST-MRWS-80g', 'GATSBY Moving Rubber Wild Shake Hair Wax - 80g', 550, 800, 62, '80g', 1, 1, 10, 5, 20, 'Japan', 330, 330, '2025-01-15 00:00:00', '2025-01-15 00:00:00');
-- GATSBY Moving Rubber Air Rise Hair Wax
INSERT OR REPLACE INTO "products" (id, name, slug, description, categoryId, price, basePrice, comparePrice, stock, isActive, hasVariants, brandId, brandName, countryOfOrigin, availableSizes, totalCost, averageCost, createdAt, updatedAt) VALUES ('prod-gatsby-003', 'GATSBY Moving Rubber Air Rise Hair Wax', 'gatsby-moving-rubber-air-rise-hair-wax', 'Air rise hair wax for high volume hairstyle.', 'cat-hair-wax', 550, 550, 800, 60, 1, 1, 'brand-107', 'GATSBY', 'Japan', '["80g"]', 330, 330, '2025-01-15 00:00:00', '2025-01-15 00:00:00');
INSERT OR REPLACE INTO "product_variants" (id, productId, sku, name, price, comparePrice, stock, size, isActive, isDefault, lowStockAlert, reorderLevel, reorderQty, countryOfOrigin, totalCost, averageCost, createdAt, updatedAt) VALUES ('var-gatsby-003-1', 'prod-gatsby-003', 'GST-MRAR-80g', 'GATSBY Moving Rubber Air Rise Hair Wax - 80g', 550, 800, 60, '80g', 1, 1, 10, 5, 20, 'Japan', 330, 330, '2025-01-15 00:00:00', '2025-01-15 00:00:00');
-- GATSBY Moving Rubber Nuance Motion Hair Wax
INSERT OR REPLACE INTO "products" (id, name, slug, description, categoryId, price, basePrice, comparePrice, stock, isActive, hasVariants, brandId, brandName, countryOfOrigin, availableSizes, totalCost, averageCost, createdAt, updatedAt) VALUES ('prod-gatsby-004', 'GATSBY Moving Rubber Nuance Motion Hair Wax', 'gatsby-moving-rubber-nuance-motion-hair-wax', 'Nuance motion hair wax for soft movable hairstyle.', 'cat-hair-wax', 570, 570, 850, 58, 1, 1, 'brand-107', 'GATSBY', 'Japan', '["80g"]', 342, 342, '2025-01-15 00:00:00', '2025-01-15 00:00:00');
INSERT OR REPLACE INTO "product_variants" (id, productId, sku, name, price, comparePrice, stock, size, isActive, isDefault, lowStockAlert, reorderLevel, reorderQty, countryOfOrigin, totalCost, averageCost, createdAt, updatedAt) VALUES ('var-gatsby-004-1', 'prod-gatsby-004', 'GST-MRNM-80g', 'GATSBY Moving Rubber Nuance Motion Hair Wax - 80g', 570, 850, 58, '80g', 1, 1, 10, 5, 20, 'Japan', 342, 342, '2025-01-15 00:00:00', '2025-01-15 00:00:00');
-- GATSBY Styling Pomade
INSERT OR REPLACE INTO "products" (id, name, slug, description, categoryId, price, basePrice, comparePrice, stock, isActive, hasVariants, brandId, brandName, countryOfOrigin, availableSizes, totalCost, averageCost, createdAt, updatedAt) VALUES ('prod-gatsby-005', 'GATSBY Styling Pomade', 'gatsby-styling-pomade', 'Styling pomade for slick and polished look.', 'cat-hair-wax', 480, 480, 720, 65, 1, 1, 'brand-107', 'GATSBY', 'Japan', '["80g"]', 288, 288, '2025-01-15 00:00:00', '2025-01-15 00:00:00');
INSERT OR REPLACE INTO "product_variants" (id, productId, sku, name, price, comparePrice, stock, size, isActive, isDefault, lowStockAlert, reorderLevel, reorderQty, countryOfOrigin, totalCost, averageCost, createdAt, updatedAt) VALUES ('var-gatsby-005-1', 'prod-gatsby-005', 'GST-SP-80g', 'GATSBY Styling Pomade - 80g', 480, 720, 65, '80g', 1, 1, 10, 5, 20, 'Japan', 288, 288, '2025-01-15 00:00:00', '2025-01-15 00:00:00');
-- GATSBY Hair Gel Super Hard
INSERT OR REPLACE INTO "products" (id, name, slug, description, categoryId, price, basePrice, comparePrice, stock, isActive, hasVariants, brandId, brandName, countryOfOrigin, availableSizes, totalCost, averageCost, createdAt, updatedAt) VALUES ('prod-gatsby-006', 'GATSBY Hair Gel Super Hard', 'gatsby-hair-gel-super-hard', 'Super hard hold hair gel for strong styling.', 'cat-hair-styling-gel', 320, 320, 500, 70, 1, 1, 'brand-107', 'GATSBY', 'Japan', '["150g","250g"]', 192, 192, '2025-01-15 00:00:00', '2025-01-15 00:00:00');
INSERT OR REPLACE INTO "product_variants" (id, productId, sku, name, price, comparePrice, stock, size, isActive, isDefault, lowStockAlert, reorderLevel, reorderQty, countryOfOrigin, totalCost, averageCost, createdAt, updatedAt) VALUES ('var-gatsby-006-1', 'prod-gatsby-006', 'GST-HGSH-150g', 'GATSBY Hair Gel Super Hard - 150g', 200, 320, 70, '150g', 1, 0, 10, 5, 20, 'Japan', 120, 120, '2025-01-15 00:00:00', '2025-01-15 00:00:00'), ('var-gatsby-006-2', 'prod-gatsby-006', 'GST-HGSH-250g', 'GATSBY Hair Gel Super Hard - 250g', 320, 500, 70, '250g', 1, 1, 10, 5, 20, 'Japan', 192, 192, '2025-01-15 00:00:00', '2025-01-15 00:00:00');
-- GATSBY Hair Gel Set & Smooth
INSERT OR REPLACE INTO "products" (id, name, slug, description, categoryId, price, basePrice, comparePrice, stock, isActive, hasVariants, brandId, brandName, countryOfOrigin, availableSizes, totalCost, averageCost, createdAt, updatedAt) VALUES ('prod-gatsby-007', 'GATSBY Hair Gel Set & Smooth', 'gatsby-hair-gel-set-smooth', 'Set and smooth hair gel for natural look.', 'cat-hair-styling-gel', 320, 320, 500, 68, 1, 1, 'brand-107', 'GATSBY', 'Japan', '["150g","250g"]', 192, 192, '2025-01-15 00:00:00', '2025-01-15 00:00:00');
INSERT OR REPLACE INTO "product_variants" (id, productId, sku, name, price, comparePrice, stock, size, isActive, isDefault, lowStockAlert, reorderLevel, reorderQty, countryOfOrigin, totalCost, averageCost, createdAt, updatedAt) VALUES ('var-gatsby-007-1', 'prod-gatsby-007', 'GST-HGSS-150g', 'GATSBY Hair Gel Set & Smooth - 150g', 200, 320, 68, '150g', 1, 0, 10, 5, 20, 'Japan', 120, 120, '2025-01-15 00:00:00', '2025-01-15 00:00:00'), ('var-gatsby-007-2', 'prod-gatsby-007', 'GST-HGSS-250g', 'GATSBY Hair Gel Set & Smooth - 250g', 320, 500, 68, '250ml', 1, 1, 10, 5, 20, 'Japan', 192, 192, '2025-01-15 00:00:00', '2025-01-15 00:00:00');
-- ============================================
-- KODOMO PRODUCTS
-- ============================================
-- Kodomo Baby Lotion
INSERT OR REPLACE INTO "products" (id, name, slug, description, categoryId, price, basePrice, comparePrice, stock, isActive, hasVariants, brandId, brandName, countryOfOrigin, availableSizes, totalCost, averageCost, createdAt, updatedAt) VALUES ('prod-kodomo-001', 'Kodomo Baby Lotion', 'kodomo-baby-lotion', 'Baby lotion with Chamomile extract for delicate skin.', 'cat-baby-lotion', 650, 650, 950, 65, 1, 1, 'brand-108', 'Kodomo', 'Japan', '["100ml","180ml","380ml"]', 390, 390, '2025-01-15 00:00:00', '2025-01-15 00:00:00');
INSERT OR REPLACE INTO "product_variants" (id, productId, sku, name, price, comparePrice, stock, size, isActive, isDefault, lowStockAlert, reorderLevel, reorderQty, countryOfOrigin, totalCost, averageCost, createdAt, updatedAt) VALUES ('var-kodomo-001-1', 'prod-kodomo-001', 'KOD-BL-100ml', 'Kodomo Baby Lotion - 100ml', 280, 420, 65, '100ml', 1, 0, 10, 5, 20, 'Japan', 168, 168, '2025-01-15 00:00:00', '2025-01-15 00:00:00'), ('var-kodomo-001-2', 'prod-kodomo-001', 'KOD-BL-180ml', 'Kodomo Baby Lotion - 180ml', 450, 680, 65, '180ml', 1, 0, 10, 5, 20, 'Japan', 270, 270, '2025-01-15 00:00:00', '2025-01-15 00:00:00'), ('var-kodomo-001-3', 'prod-kodomo-001', 'KOD-BL-380ml', 'Kodomo Baby Lotion - 380ml', 650, 950, 65, '380ml', 1, 1, 10, 5, 20, 'Japan', 390, 390, '2025-01-15 00:00:00', '2025-01-15 00:00:00');
-- Kodomo Baby Shampoo
INSERT OR REPLACE INTO "products" (id, name, slug, description, categoryId, price, basePrice, comparePrice, stock, isActive, hasVariants, brandId, brandName, countryOfOrigin, availableSizes, totalCost, averageCost, createdAt, updatedAt) VALUES ('prod-kodomo-002', 'Kodomo Baby Shampoo', 'kodomo-baby-shampoo', 'Baby shampoo with non-irritating formula for hair and scalp.', 'cat-baby-shampoo', 620, 620, 920, 68, 1, 1, 'brand-108', 'Kodomo', 'Japan', '["100ml","200ml","400ml"]', 372, 372, '2025-01-15 00:00:00', '2025-01-15 00:00:00');
INSERT OR REPLACE INTO "product_variants" (id, productId, sku, name, price, comparePrice, stock, size, isActive, isDefault, lowStockAlert, reorderLevel, reorderQty, countryOfOrigin, totalCost, averageCost, createdAt, updatedAt) VALUES ('var-kodomo-002-1', 'prod-kodomo-002', 'KOD-BS-100ml', 'Kodomo Baby Shampoo - 100ml', 280, 420, 68, '100ml', 1, 0, 10, 5, 20, 'Japan', 168, 168, '2025-01-15 00:00:00', '2025-01-15 00:00:00'), ('var-kodomo-002-2', 'prod-kodomo-002', 'KOD-BS-200ml', 'Kodomo Baby Shampoo - 200ml', 450, 680, 68, '200ml', 1, 0, 10, 5, 20, 'Japan', 270, 270, '2025-01-15 00:00:00', '2025-01-15 00:00:00'), ('var-kodomo-002-3', 'prod-kodomo-002', 'KOD-BS-400ml', 'Kodomo Baby Shampoo - 400ml', 620, 920, 68, '400ml', 1, 1, 10, 5, 20, 'Japan', 372, 372, '2025-01-15 00:00:00', '2025-01-15 00:00:00');
-- Kodomo Baby Wash
INSERT OR REPLACE INTO "products" (id, name, slug, description, categoryId, price, basePrice, comparePrice, stock, isActive, hasVariants, brandId, brandName, countryOfOrigin, availableSizes, totalCost, averageCost, createdAt, updatedAt) VALUES ('prod-kodomo-003', 'Kodomo Baby Wash', 'kodomo-baby-wash', 'Baby wash for gentle cleansing. Tear-free.', 'cat-baby-wash', 620, 620, 920, 62, 1, 1, 'brand-108', 'Kodomo', 'Japan', '["100ml","200ml","400ml"]', 372, 372, '2025-01-15 00:00:00', '2025-01-15 00:00:00');
INSERT OR REPLACE INTO "product_variants" (id, productId, sku, name, price, comparePrice, stock, size, isActive, isDefault, lowStockAlert, reorderLevel, reorderQty, countryOfOrigin, totalCost, averageCost, createdAt, updatedAt) VALUES ('var-kodomo-003-1', 'prod-kodomo-003', 'KOD-BW-100ml', 'Kodomo Baby Wash - 100ml', 280, 420, 62, '100ml', 1, 0, 10, 5, 20, 'Japan', 168, 168, '2025-01-15 00:00:00', '2025-01-15 00:00:00'), ('var-kodomo-003-2', 'prod-kodomo-003', 'KOD-BW-200ml', 'Kodomo Baby Wash - 200ml', 450, 680, 62, '200ml', 1, 0, 10, 5, 20, 'Japan', 270, 270, '2025-01-15 00:00:00', '2025-01-15 00:00:00'), ('var-kodomo-003-3', 'prod-kodomo-003', 'KOD-BW-400ml', 'Kodomo Baby Wash - 400ml', 620, 920, 62, '400ml', 1, 1, 10, 5, 20, 'Japan', 372, 372, '2025-01-15 00:00:00', '2025-01-15 00:00:00');
-- Kodomo Baby Powder
INSERT OR REPLACE INTO "products" (id, name, slug, description, categoryId, price, basePrice, comparePrice, stock, isActive, hasVariants, brandId, brandName, countryOfOrigin, availableSizes, totalCost, averageCost, createdAt, updatedAt) VALUES ('prod-kodomo-004', 'Kodomo Baby Powder', 'kodomo-baby-powder', 'Baby powder with gentle formula to keep skin dry.', 'cat-baby-powder', 320, 320, 500, 70, 1, 1, 'brand-108', 'Kodomo', 'Japan', '["140g","200g","400g"]', 192, 192, '2025-01-15 00:00:00', '2025-01-15 00:00:00');
INSERT OR REPLACE INTO "product_variants" (id, productId, sku, name, price, comparePrice, stock, size, isActive, isDefault, lowStockAlert, reorderLevel, reorderQty, countryOfOrigin, totalCost, averageCost, createdAt, updatedAt) VALUES ('var-kodomo-004-1', 'prod-kodomo-004', 'KOD-BP-140g', 'Kodomo Baby Powder - 140g', 200, 320, 70, '140g', 1, 0, 10, 5, 20, 'Japan', 120, 120, '2025-01-15 00:00:00', '2025-01-15 00:00:00'), ('var-kodomo-004-2', 'prod-kodomo-004', 'KOD-BP-200g', 'Kodomo Baby Powder - 200g', 280, 440, 70, '200g', 1, 0, 10, 5, 20, 'Japan', 168, 168, '2025-01-15 00:00:00', '2025-01-15 00:00:00'), ('var-kodomo-004-3', 'prod-kodomo-004', 'KOD-BP-400g', 'Kodomo Baby Powder - 400g', 320, 500, 70, '400g', 1, 1, 10, 5, 20, 'Japan', 192, 192, '2025-01-15 00:00:00', '2025-01-15 00:00:00');
-- Kodomo Baby Oil
INSERT OR REPLACE INTO "products" (id, name, slug, description, categoryId, price, basePrice, comparePrice, stock, isActive, hasVariants, brandId, brandName, countryOfOrigin, availableSizes, totalCost, averageCost, createdAt, updatedAt) VALUES ('prod-kodomo-005', 'Kodomo Baby Oil', 'kodomo-baby-oil', 'Baby oil for gentle massage and skin nourishment.', 'cat-baby-oil', 450, 450, 680, 65, 1, 1, 'brand-108', 'Kodomo', 'Japan', '["100ml","200ml"]', 270, 270, '2025-01-15 00:00:00', '2025-01-15 00:00:00');
INSERT OR REPLACE INTO "product_variants" (id, productId, sku, name, price, comparePrice, stock, size, isActive, isDefault, lowStockAlert, reorderLevel, reorderQty, countryOfOrigin, totalCost, averageCost, createdAt, updatedAt) VALUES ('var-kodomo-005-1', 'prod-kodomo-005', 'KOD-BO-100ml', 'Kodomo Baby Oil - 100ml', 280, 420, 65, '100ml', 1, 0, 10, 5, 20, 'Japan', 168, 168, '2025-01-15 00:00:00', '2025-01-15 00:00:00'), ('var-kodomo-005-2', 'prod-kodomo-005', 'KOD-BO-200ml', 'Kodomo Baby Oil - 200ml', 450, 680, 65, '200ml', 1, 1, 10, 5, 20, 'Japan', 270, 270, '2025-01-15 00:00:00', '2025-01-15 00:00:00');
-- Kodomo Baby Soap
INSERT OR REPLACE INTO "products" (id, name, slug, description, categoryId, price, basePrice, comparePrice, stock, isActive, hasVariants, brandId, brandName, countryOfOrigin, availableSizes, totalCost, averageCost, createdAt, updatedAt) VALUES ('prod-kodomo-006', 'Kodomo Baby Soap', 'kodomo-baby-soap', 'Gentle baby soap for delicate skin.', 'cat-baby-soap', 220, 220, 350, 75, 1, 1, 'brand-108', 'Kodomo', 'Japan', '["80g","90g"]', 132, 132, '2025-01-15 00:00:00', '2025-01-15 00:00:00');
INSERT OR REPLACE INTO "product_variants" (id, productId, sku, name, price, comparePrice, stock, size, isActive, isDefault, lowStockAlert, reorderLevel, reorderQty, countryOfOrigin, totalCost, averageCost, createdAt, updatedAt) VALUES ('var-kodomo-006-1', 'prod-kodomo-006', 'KOD-BSO-80g', 'Kodomo Baby Soap - 80g', 150, 240, 75, '80g', 1, 0, 10, 5, 20, 'Japan', 90, 90, '2025-01-15 00:00:00', '2025-01-15 00:00:00'), ('var-kodomo-006-2', 'prod-kodomo-006', 'KOD-BSO-90g', 'Kodomo Baby Soap - 90g', 220, 350, 75, '90g', 1, 1, 10, 5, 20, 'Japan', 132, 132, '2025-01-15 00:00:00', '2025-01-15 00:00:00');
-- Kodomo Baby Cologne
INSERT OR REPLACE INTO "products" (id, name, slug, description, categoryId, price, basePrice, comparePrice, stock, isActive, hasVariants, brandId, brandName, countryOfOrigin, availableSizes, totalCost, averageCost, createdAt, updatedAt) VALUES ('prod-kodomo-007', 'Kodomo Baby Cologne', 'kodomo-baby-cologne', 'Gentle baby cologne with pleasant fragrance.', 'cat-personal-care', 350, 350, 520, 70, 1, 1, 'brand-108', 'Kodomo', 'Japan', '["100ml"]', 210, 210, '2025-01-15 00:00:00', '2025-01-15 00:00:00');
INSERT OR REPLACE INTO "product_variants" (id, productId, sku, name, price, comparePrice, stock, size, isActive, isDefault, lowStockAlert, reorderLevel, reorderQty, countryOfOrigin, totalCost, averageCost, createdAt, updatedAt) VALUES ('var-kodomo-007-1', 'prod-kodomo-007', 'KOD-BC-100ml', 'Kodomo Baby Cologne - 100ml', 350, 520, 70, '100ml', 1, 1, 10, 5, 20, 'Japan', 210, 210, '2025-01-15 00:00:00', '2025-01-15 00:00:00');
-- ============================================
-- NIVEA PRODUCTS
-- ============================================
-- Nivea Soft Moisturizing Creme
INSERT OR REPLACE INTO "products" (id, name, slug, description, categoryId, price, basePrice, comparePrice, stock, isActive, hasVariants, brandId, brandName, countryOfOrigin, availableSizes, totalCost, averageCost, createdAt, updatedAt) VALUES ('prod-nivea-001', 'Nivea Soft Moisturizing Creme', 'nivea-soft-moisturizing-creme', 'Soft moisturizing cream with jojoba oil and vitamin E.', 'cat-body-cream', 550, 550, 820, 70, 1, 1, 'brand-109', 'Nivea', 'Germany', '["75ml","200ml","300ml"]', 330, 330, '2025-01-15 00:00:00', '2025-01-15 00:00:00');
INSERT OR REPLACE INTO "product_variants" (id, productId, sku, name, price, comparePrice, stock, size, isActive, isDefault, lowStockAlert, reorderLevel, reorderQty, countryOfOrigin, totalCost, averageCost, createdAt, updatedAt) VALUES ('var-nivea-001-1', 'prod-nivea-001', 'NV-SMC-75ml', 'Nivea Soft Moisturizing Creme - 75ml', 250, 380, 70, '75ml', 1, 0, 10, 5, 20, 'Germany', 150, 150, '2025-01-15 00:00:00', '2025-01-15 00:00:00'), ('var-nivea-001-2', 'prod-nivea-001', 'NV-SMC-200ml', 'Nivea Soft Moisturizing Creme - 200ml', 450, 680, 70, '200ml', 1, 0, 10, 5, 20, 'Germany', 270, 270, '2025-01-15 00:00:00', '2025-01-15 00:00:00'), ('var-nivea-001-3', 'prod-nivea-001', 'NV-SMC-300ml', 'Nivea Soft Moisturizing Creme - 300ml', 550, 820, 70, '300ml', 1, 1, 10, 5, 20, 'Germany', 330, 330, '2025-01-15 00:00:00', '2025-01-15 00:00:00');
-- Nivea Cocoa Butter Body Lotion
INSERT OR REPLACE INTO "products" (id, name, slug, description, categoryId, price, basePrice, comparePrice, stock, isActive, hasVariants, brandId, brandName, countryOfOrigin, availableSizes, totalCost, averageCost, createdAt, updatedAt) VALUES ('prod-nivea-002', 'Nivea Cocoa Butter Body Lotion', 'nivea-cocoa-butter-body-lotion', 'Cocoa butter enriched body lotion for smooth skin.', 'cat-body-lotion', 1050, 1050, 1550, 60, 1, 1, 'brand-109', 'Nivea', 'Germany', '["250ml","400ml","750ml"]', 630, 630, '2025-01-15 00:00:00', '2025-01-15 00:00:00');
INSERT OR REPLACE INTO "product_variants" (id, productId, sku, name, price, comparePrice, stock, size, isActive, isDefault, lowStockAlert, reorderLevel, reorderQty, countryOfOrigin, totalCost, averageCost, createdAt, updatedAt) VALUES ('var-nivea-002-1', 'prod-nivea-002', 'NV-CBBL-250ml', 'Nivea Cocoa Butter Body Lotion - 250ml', 550, 820, 60, '250ml', 1, 0, 10, 5, 20, 'Germany', 330, 330, '2025-01-15 00:00:00', '2025-01-15 00:00:00'), ('var-nivea-002-2', 'prod-nivea-002', 'NV-CBBL-400ml', 'Nivea Cocoa Butter Body Lotion - 400ml', 750, 1100, 60, '400ml', 1, 0, 10, 5, 20, 'Germany', 450, 450, '2025-01-15 00:00:00', '2025-01-15 00:00:00'), ('var-nivea-002-3', 'prod-nivea-002', 'NV-CBBL-750ml', 'Nivea Cocoa Butter Body Lotion - 750ml', 1050, 1550, 60, '750ml', 1, 1, 10, 5, 20, 'Germany', 630, 630, '2025-01-15 00:00:00', '2025-01-15 00:00:00');
-- Nivea Men Body Lotion
INSERT OR REPLACE INTO "products" (id, name, slug, description, categoryId, price, basePrice, comparePrice, stock, isActive, hasVariants, brandId, brandName, countryOfOrigin, availableSizes, totalCost, averageCost, createdAt, updatedAt) VALUES ('prod-nivea-003', 'Nivea Men Body Lotion', 'nivea-men-body-lotion', 'Body lotion for men with double action formula.', 'cat-body-lotion', 950, 950, 1400, 55, 1, 1, 'brand-109', 'Nivea', 'Germany', '["250ml","400ml"]', 570, 570, '2025-01-15 00:00:00', '2025-01-15 00:00:00');
INSERT OR REPLACE INTO "product_variants" (id, productId, sku, name, price, comparePrice, stock, size, isActive, isDefault, lowStockAlert, reorderLevel, reorderQty, countryOfOrigin, totalCost, averageCost, createdAt, updatedAt) VALUES ('var-nivea-003-1', 'prod-nivea-003', 'NV-MBL-250ml', 'Nivea Men Body Lotion - 250ml', 550, 820, 55, '250ml', 1, 0, 10, 5, 20, 'Germany', 330, 330, '2025-01-15 00:00:00', '2025-01-15 00:00:00'), ('var-nivea-003-2', 'prod-nivea-003', 'NV-MBL-400ml', 'Nivea Men Body Lotion - 400ml', 950, 1400, 55, '400ml', 1, 1, 10, 5, 20, 'Germany', 570, 570, '2025-01-15 00:00:00', '2025-01-15 00:00:00');
-- Nivea Extra Bright Body Lotion
INSERT OR REPLACE INTO "products" (id, name, slug, description, categoryId, price, basePrice, comparePrice, stock, isActive, hasVariants, brandId, brandName, countryOfOrigin, availableSizes, totalCost, averageCost, createdAt, updatedAt) VALUES ('prod-nivea-004', 'Nivea Extra Bright Body Lotion', 'nivea-extra-bright-body-lotion', 'Brightening body lotion with vitamin C and berry extracts.', 'cat-body-lotion', 1150, 1150, 1700, 50, 1, 1, 'brand-109', 'Nivea', 'Germany', '["200ml","400ml"]', 690, 690, '2025-01-15 00:00:00', '2025-01-15 00:00:00');
INSERT OR REPLACE INTO "product_variants" (id, productId, sku, name, price, comparePrice, stock, size, isActive, isDefault, lowStockAlert, reorderLevel, reorderQty, countryOfOrigin, totalCost, averageCost, createdAt, updatedAt) VALUES ('var-nivea-004-1', 'prod-nivea-004', 'NV-EBBL-200ml', 'Nivea Extra Bright Body Lotion - 200ml', 650, 980, 50, '200ml', 1, 0, 10, 5, 20, 'Germany', 390, 390, '2025-01-15 00:00:00', '2025-01-15 00:00:00'), ('var-nivea-004-2', 'prod-nivea-004', 'NV-EBBL-400ml', 'Nivea Extra Bright Body Lotion - 400ml', 1150, 1700, 50, '400ml', 1, 1, 10, 5, 20, 'Germany', 690, 690, '2025-01-15 00:00:00', '2025-01-15 00:00:00');
-- Nivea Body Wash Shea Smooth
INSERT OR REPLACE INTO "products" (id, name, slug, description, categoryId, price, basePrice, comparePrice, stock, isActive, hasVariants, brandId, brandName, countryOfOrigin, availableSizes, totalCost, averageCost, createdAt, updatedAt) VALUES ('prod-nivea-005', 'Nivea Body Wash Shea Smooth', 'nivea-body-wash-shea-smooth', 'Body wash with shea butter for soft skin.', 'cat-body-wash', 450, 450, 700, 68, 1, 1, 'brand-109', 'Nivea', 'Germany', '["250ml","500ml","750ml","1L"]', 270, 270, '2025-01-15 00:00:00', '2025-01-15 00:00:00');
INSERT OR REPLACE INTO "product_variants" (id, productId, sku, name, price, comparePrice, stock, size, isActive, isDefault, lowStockAlert, reorderLevel, reorderQty, countryOfOrigin, totalCost, averageCost, createdAt, updatedAt) VALUES ('var-nivea-005-1', 'prod-nivea-005', 'NV-BWSS-250ml', 'Nivea Body Wash Shea Smooth - 250ml', 270, 420, 68, '250ml', 1, 0, 10, 5, 20, 'Germany', 162, 162, '2025-01-15 00:00:00', '2025-01-15 00:00:00'), ('var-nivea-005-2', 'prod-nivea-005', 'NV-BWSS-500ml', 'Nivea Body Wash Shea Smooth - 500ml', 450, 700, 68, '500ml', 1, 1, 10, 5, 20, 'Germany', 270, 270, '2025-01-15 00:00:00', '2025-01-15 00:00:00'), ('var-nivea-005-3', 'prod-nivea-005', 'NV-BWSS-750ml', 'Nivea Body Wash Shea Smooth - 750ml', 650, 1000, 68, '750ml', 1, 0, 10, 5, 20, 'Germany', 390, 390, '2025-01-15 00:00:00', '2025-01-15 00:00:00'), ('var-nivea-005-4', 'prod-nivea-005', 'NV-BWSS-1L', 'Nivea Body Wash Shea Smooth - 1L', 850, 1300, 68, '1L', 1, 0, 10, 5, 20, 'Germany', 510, 510, '2025-01-15 00:00:00', '2025-01-15 00:00:00');
-- Nivea Men Active Clean Body Wash
INSERT OR REPLACE INTO "products" (id, name, slug, description, categoryId, price, basePrice, comparePrice, stock, isActive, hasVariants, brandId, brandName, countryOfOrigin, availableSizes, totalCost, averageCost, createdAt, updatedAt) VALUES ('prod-nivea-006', 'Nivea Men Active Clean Body Wash', 'nivea-men-active-clean-body-wash', 'Body wash for men with activated charcoal.', 'cat-body-wash', 470, 470, 720, 62, 1, 1, 'brand-109', 'Nivea', 'Germany', '["250ml","500ml","750ml"]', 282, 282, '2025-01-15 00:00:00', '2025-01-15 00:00:00');
INSERT OR REPLACE INTO "product_variants" (id, productId, sku, name, price, comparePrice, stock, size, isActive, isDefault, lowStockAlert, reorderLevel, reorderQty, countryOfOrigin, totalCost, averageCost, createdAt, updatedAt) VALUES ('var-nivea-006-1', 'prod-nivea-006', 'NV-MACBW-250ml', 'Nivea Men Active Clean Body Wash - 250ml', 280, 430, 62, '250ml', 1, 0, 10, 5, 20, 'Germany', 168, 168, '2025-01-15 00:00:00', '2025-01-15 00:00:00'), ('var-nivea-006-2', 'prod-nivea-006', 'NV-MACBW-500ml', 'Nivea Men Active Clean Body Wash - 500ml', 470, 720, 62, '500ml', 1, 1, 10, 5, 20, 'Germany', 282, 282, '2025-01-15 00:00:00', '2025-01-15 00:00:00'), ('var-nivea-006-3', 'prod-nivea-006', 'NV-MACBW-750ml', 'Nivea Men Active Clean Body Wash - 750ml', 680, 1050, 62, '750ml', 1, 0, 10, 5, 20, 'Germany', 408, 408, '2025-01-15 00:00:00', '2025-01-15 00:00:00');
-- Nivea Men Shower Gel Deep Impact
INSERT OR REPLACE INTO "products" (id, name, slug, description, categoryId, price, basePrice, comparePrice, stock, isActive, hasVariants, brandId, brandName, countryOfOrigin, availableSizes, totalCost, averageCost, createdAt, updatedAt) VALUES ('prod-nivea-007', 'Nivea Men Shower Gel Deep Impact', 'nivea-men-shower-gel-deep-impact', 'Shower gel with menthol for refreshing experience.', 'cat-body-wash', 470, 470, 720, 65, 1, 1, 'brand-109', 'Nivea', 'Germany', '["250ml","500ml","750ml"]', 282, 282, '2025-01-15 00:00:00', '2025-01-15 00:00:00');
INSERT OR REPLACE INTO "product_variants" (id, productId, sku, name, price, comparePrice, stock, size, isActive, isDefault, lowStockAlert, reorderLevel, reorderQty, countryOfOrigin, totalCost, averageCost, createdAt, updatedAt) VALUES ('var-nivea-007-1', 'prod-nivea-007', 'NV-MSGDI-250ml', 'Nivea Men Shower Gel Deep Impact - 250ml', 280, 430, 65, '250ml', 1, 0, 10, 5, 20, 'Germany', 168, 168, '2025-01-15 00:00:00', '2025-01-15 00:00:00'), ('var-nivea-007-2', 'prod-nivea-007', 'NV-MSGDI-500ml', 'Nivea Men Shower Gel Deep Impact - 500ml', 470, 720, 65, '500ml', 1, 1, 10, 5, 20, 'Germany', 282, 282, '2025-01-15 00:00:00', '2025-01-15 00:00:00'), ('var-nivea-007-3', 'prod-nivea-007', 'NV-MSGDI-750ml', 'Nivea Men Shower Gel Deep Impact - 750ml', 680, 1050, 65, '750ml', 1, 0, 10, 5, 20, 'Germany', 408, 408, '2025-01-15 00:00:00', '2025-01-15 00:00:00');
-- Nivea Crème Soft Shaving Foam
INSERT OR REPLACE INTO "products" (id, name, slug, description, categoryId, price, basePrice, comparePrice, stock, isActive, hasVariants, brandId, brandName, countryOfOrigin, availableSizes, totalCost, averageCost, createdAt, updatedAt) VALUES ('prod-nivea-008', 'Nivea Crème Soft Shaving Foam', 'nivea-creme-soft-shaving-foam', 'Shaving foam with Pro-Vitamin B5 for smooth skin.', 'cat-personal-care', 350, 350, 520, 72, 1, 1, 'brand-109', 'Nivea', 'Germany', '["200ml","300ml"]', 210, 210, '2025-01-15 00:00:00', '2025-01-15 00:00:00');
INSERT OR REPLACE INTO "product_variants" (id, productId, sku, name, price, comparePrice, stock, size, isActive, isDefault, lowStockAlert, reorderLevel, reorderQty, countryOfOrigin, totalCost, averageCost, createdAt, updatedAt) VALUES ('var-nivea-008-1', 'prod-nivea-008', 'NV-CSSF-200ml', 'Nivea Crème Soft Shaving Foam - 200ml', 220, 330, 72, '200ml', 1, 0, 10, 5, 20, 'Germany', 132, 132, '2025-01-15 00:00:00', '2025-01-15 00:00:00'), ('var-nivea-008-2', 'prod-nivea-008', 'NV-CSSF-300ml', 'Nivea Crème Soft Shaving Foam - 300ml', 350, 520, 72, '300ml', 1, 1, 10, 5, 20, 'Germany', 210, 210, '2025-01-15 00:00:00', '2025-01-15 00:00:00');
-- Nivea Men Shaving Foam Sensitive
INSERT OR REPLACE INTO "products" (id, name, slug, description, categoryId, price, basePrice, comparePrice, stock, isActive, hasVariants, brandId, brandName, countryOfOrigin, availableSizes, totalCost, averageCost, createdAt, updatedAt) VALUES ('prod-nivea-009', 'Nivea Men Shaving Foam Sensitive', 'nivea-men-shaving-foam-sensitive', 'Sensitive shaving foam for men with Chamomile and Vitamin E.', 'cat-personal-care', 370, 370, 550, 70, 1, 1, 'brand-109', 'Nivea', 'Germany', '["200ml","300ml"]', 222, 222, '2025-01-15 00:00:00', '2025-01-15 00:00:00');
INSERT OR REPLACE INTO "product_variants" (id, productId, sku, name, price, comparePrice, stock, size, isActive, isDefault, lowStockAlert, reorderLevel, reorderQty, countryOfOrigin, totalCost, averageCost, createdAt, updatedAt) VALUES ('var-nivea-009-1', 'prod-nivea-009', 'NV-MSFS-200ml', 'Nivea Men Shaving Foam Sensitive - 200ml', 230, 350, 70, '200ml', 1, 0, 10, 5, 20, 'Germany', 138, 138, '2025-01-15 00:00:00', '2025-01-15 00:00:00'), ('var-nivea-009-2', 'prod-nivea-009', 'NV-MSFS-300ml', 'Nivea Men Shaving Foam Sensitive - 300ml', 370, 550, 70, '300ml', 1, 1, 10, 5, 20, 'Germany', 222, 222, '2025-01-15 00:00:00', '2025-01-15 00:00:00');
-- Nivea Sun Protect Sunscreen SPF 50+
INSERT OR REPLACE INTO "products" (id, name, slug, description, categoryId, price, basePrice, comparePrice, stock, isActive, hasVariants, brandId, brandName, countryOfOrigin, availableSizes, totalCost, averageCost, createdAt, updatedAt) VALUES ('prod-nivea-010', 'Nivea Sun Protect Sunscreen SPF 50+', 'nivea-sun-protect-sunscreen-spf-50', 'High protection sunscreen SPF 50+ for all skin types.', 'cat-sunscreen', 1650, 1650, 2400, 45, 1, 1, 'brand-109', 'Nivea', 'Germany', '["50ml","150ml","200ml","300ml"]', 990, 990, '2025-01-15 00:00:00', '2025-01-15 00:00:00');
INSERT OR REPLACE INTO "product_variants" (id, productId, sku, name, price, comparePrice, stock, size, isActive, isDefault, lowStockAlert, reorderLevel, reorderQty, countryOfOrigin, totalCost, averageCost, createdAt, updatedAt) VALUES ('var-nivea-010-1', 'prod-nivea-010', 'NV-SPS50-50ml', 'Nivea Sun Protect Sunscreen SPF 50+ - 50ml', 750, 1100, 45, '50ml', 1, 0, 10, 5, 20, 'Germany', 450, 450, '2025-01-15 00:00:00', '2025-01-15 00:00:00'), ('var-nivea-010-2', 'prod-nivea-010', 'NV-SPS50-150ml', 'Nivea Sun Protect Sunscreen SPF 50+ - 150ml', 1250, 1800, 45, '150ml', 1, 0, 10, 5, 20, 'Germany', 750, 750, '2025-01-15 00:00:00', '2025-01-15 00:00:00'), ('var-nivea-010-3', 'prod-nivea-010', 'NV-SPS50-200ml', 'Nivea Sun Protect Sunscreen SPF 50+ - 200ml', 1650, 2400, 45, '200ml', 1, 1, 10, 5, 20, 'Germany', 990, 990, '2025-01-15 00:00:00', '2025-01-15 00:00:00'), ('var-nivea-010-4', 'prod-nivea-010', 'NV-SPS50-300ml', 'Nivea Sun Protect Sunscreen SPF 50+ - 300ml', 2250, 3300, 45, '300ml', 1, 0, 10, 5, 20, 'Germany', 1350, 1350, '2025-01-15 00:00:00', '2025-01-15 00:00:00');
-- Nivea Sun Protect Spray SPF 50+
INSERT OR REPLACE INTO "products" (id, name, slug, description, categoryId, price, basePrice, comparePrice, stock, isActive, hasVariants, brandId, brandName, countryOfOrigin, availableSizes, totalCost, averageCost, createdAt, updatedAt) VALUES ('prod-nivea-011', 'Nivea Sun Protect Spray SPF 50+', 'nivea-sun-protect-spray-spf-50', 'Easy apply spray sunscreen with SPF 50+ protection.', 'cat-sunscreen', 1750, 1750, 2500, 42, 1, 1, 'brand-109', 'Nivea', 'Germany', '["200ml"]', 1050, 1050, '2025-01-15 00:00:00', '2025-01-15 00:00:00');
INSERT OR REPLACE INTO "product_variants" (id, productId, sku, name, price, comparePrice, stock, size, isActive, isDefault, lowStockAlert, reorderLevel, reorderQty, countryOfOrigin, totalCost, averageCost, createdAt, updatedAt) VALUES ('var-nivea-011-1', 'prod-nivea-011', 'NV-SPS50-S-200ml', 'Nivea Sun Protect Spray SPF 50+ - 200ml', 1750, 2500, 42, '200ml', 1, 1, 10, 5, 20, 'Germany', 1050, 1050, '2025-01-15 00:00:00', '2025-01-15 00:00:00');